reserva_id,usuario_id,destino_id,hotel_id,fecha_reserva,estado,precio_total
1,10,1,1,2025-03-25,Cancelada,51614
2,5,1,1,2025-06-12,Cancelada,55240
3,22,1,1,2024-11-13,,59580
4,42,1,1,2024-10-25,Confirmada,57322
5,55,1,1,2025-01-10,,59008
6,21,1,1,2025-02-17,Cancelada,64284
7,3,1,1,2025-01-13,,48798
8,16,1,1,2025-08-17,Pendiente,54010
9,48,1,1,2024-12-15,Confirmada,60776
10,7,1,1,2025-08-15,Confirmada,61094
11,11,1,1,2025-01-30,Pendiente,47504
12,3,1,1,2025-02-12,Pendiente,48394
13,19,1,1,2025-02-27,Pendiente,58838
14,28,1,1,2024-12-08,Pagada,54557
15,34,1,1,2024-10-26,Cancelada,65100
16,44,1,1,2025-05-04,Pagada,52126
17,12,1,1,2025-08-09,Confirmada,66527
18,56,1,1,2025-04-08,Cancelada,54447
19,32,1,1,2024-12-30,,51245
20,15,1,1,2024-12-12,Cancelada,54878
21,30,1,1,2025-03-19,Pendiente,46863
22,58,1,1,2025-05-17,Cancelada,55981
23,44,1,1,2025-07-23,,51732
24,5,1,1,2025-01-20,Cancelada,57879
25,38,1,1,2025-05-05,Pendiente,60459
26,45,1,1,2025-05-27,Pendiente,61525
27,55,1,1,2025-09-11,Pendiente,53083
28,25,1,1,2025-07-09,Cancelada,50050
29,25,1,2,2025-09-01,,58318
30,37,1,2,2025-03-09,Pendiente,56230
31,2,1,2,2024-11-19,Cancelada,55550
32,1,1,2,2025-03-26,,48163
33,59,1,2,2025-09-22,,62832
34,54,1,2,2025-08-07,Pendiente,54096
35,39,1,2,2024-11-08,Pendiente,53732
36,41,1,2,2025-04-10,Pagada,54768
37,44,1,2,2024-10-30,Pagada,49739
38,58,1,2,2025-04-19,Confirmada,56679
39,51,1,2,2025-10-15,Cancelada,47649
40,38,1,2,2024-11-22,Pendiente,50862
41,59,2,3,2025-09-22,Pendiente,114901
42,48,2,3,2025-02-21,Cancelada,109951
43,13,2,3,2025-06-03,Pagada,121871
44,57,2,3,2025-04-07,Pendiente,121590
45,33,2,3,2025-06-02,Pendiente,109587
46,17,2,3,2025-03-29,Cancelada,113867
47,48,2,3,2025-07-25,Pendiente,107969
48,5,2,4,2025-06-28,Pagada,111588
49,56,2,4,2025-04-03,Cancelada,122458
50,24,2,4,2025-02-12,Confirmada,117125
51,1,2,4,2024-12-06,Pendiente,121778
52,8,2,4,2025-03-29,Cancelada,116273
53,44,2,4,2024-10-31,Pendiente,123350
54,25,2,4,2025-02-26,Pendiente,107746
55,44,2,4,2024-12-28,Pagada,119645
56,2,2,4,2025-08-30,,122592
57,21,2,4,2025-06-20,,111449
58,42,2,4,2025-04-19,Confirmada,119409
59,59,2,4,2025-09-11,Pendiente,117575
60,8,2,4,2025-07-17,Pagada,105681
61,3,2,4,2025-10-15,Pendiente,120338
62,8,2,4,2025-03-12,Confirmada,111889
63,57,2,4,2024-11-26,,108641
64,25,2,4,2025-04-10,Cancelada,116353
65,43,2,4,2025-09-15,,117929
66,38,2,4,2024-12-03,Pagada,117790
67,7,2,5,2025-01-25,Cancelada,117569
68,18,2,5,2025-04-10,Confirmada,116337
69,14,2,5,2025-06-08,Cancelada,118767
70,16,2,5,2025-03-27,Pendiente,107451
71,44,2,5,2025-05-14,Pendiente,122037
72,58,2,5,2024-11-22,Pendiente,106180
73,26,2,5,2025-03-25,Pendiente,110415
74,8,2,5,2025-09-26,Cancelada,107199
75,43,2,5,2025-02-20,Pagada,123763
76,2,2,5,2025-08-08,Confirmada,115124
77,16,2,5,2025-03-03,Pagada,122696
78,14,2,5,2025-01-17,Confirmada,122356
79,14,2,5,2025-03-01,,111272
80,53,2,5,2025-08-21,Pagada,114962
81,50,2,5,2024-12-27,Pagada,123725
82,1,2,5,2024-11-21,Pendiente,108937
83,9,2,5,2025-05-09,,112409
84,52,2,5,2025-06-25,Pagada,107798
85,43,2,5,2024-12-06,Confirmada,108514
86,1,2,5,2025-05-17,Pendiente,111992
87,38,2,5,2025-05-09,Pendiente,104713
88,12,2,5,2025-01-06,Pendiente,105913
89,9,2,5,2025-10-09,Cancelada,121434
90,8,2,5,2025-08-20,Confirmada,119801
91,29,2,5,2025-03-07,Pendiente,121013
92,7,3,6,2025-03-08,Cancelada,93088
93,15,3,6,2025-08-01,,77999
94,47,3,6,2025-09-06,,86462
95,30,3,6,2025-06-30,Confirmada,78572
96,31,3,6,2025-09-04,Cancelada,90547
97,44,3,6,2024-12-19,Confirmada,92644
98,46,3,6,2025-01-22,Cancelada,78987
99,58,3,6,2024-12-01,Confirmada,87133
100,39,3,6,2024-12-18,Pagada,78731
101,9,3,6,2025-01-30,Pendiente,95760
102,36,3,6,2025-01-07,Pendiente,89060
103,39,3,6,2024-12-29,,86242
104,30,3,6,2025-06-13,,96417
105,28,3,6,2024-12-21,Confirmada,80328
106,55,3,6,2025-08-14,,83624
107,28,3,6,2025-08-13,Cancelada,84066
108,27,3,6,2025-07-04,Pendiente,91439
109,26,3,6,2024-11-21,Cancelada,79694
110,21,3,6,2024-12-30,Cancelada,86819
111,43,3,6,2025-08-19,Pendiente,88844
112,10,3,6,2025-06-23,Cancelada,78778
113,6,3,6,2025-05-02,Confirmada,79633
114,28,3,6,2025-04-21,Confirmada,88789
115,9,3,7,2025-08-11,,78544
116,38,3,7,2025-05-29,,94984
117,22,3,7,2025-08-14,Confirmada,90040
118,23,3,7,2025-06-05,Cancelada,78264
119,19,3,7,2025-04-15,,86817
120,23,3,7,2025-07-14,Confirmada,95516
121,33,3,7,2025-10-16,Pagada,81649
122,43,3,7,2025-09-30,Cancelada,83927
123,55,3,7,2025-05-30,Confirmada,88051
124,55,3,7,2025-06-29,,88623
125,8,3,7,2025-06-26,Pendiente,95391
126,15,3,7,2025-06-22,Cancelada,94960
127,50,3,7,2025-02-25,,94822
128,2,3,7,2025-09-23,,85342
129,2,3,7,2025-06-23,Pagada,85533
130,45,3,7,2025-02-22,Pendiente,87714
131,23,3,7,2024-12-20,Confirmada,82523
132,56,3,7,2025-04-11,Pagada,95136
133,43,3,7,2024-11-18,Cancelada,78859
134,10,3,7,2025-04-23,Confirmada,79585
135,48,3,7,2025-04-12,,83628
136,25,3,7,2025-06-25,Cancelada,91444
137,22,3,7,2025-02-17,Pagada,88704
138,20,3,7,2025-08-28,Pendiente,95177
139,39,3,7,2025-02-06,Confirmada,78302
140,10,3,7,2025-06-09,Pagada,78209
141,44,3,7,2024-11-13,Confirmada,85495
142,29,3,7,2025-03-08,Cancelada,92493
143,39,3,7,2025-05-08,Cancelada,90150
144,18,3,7,2024-11-20,Pagada,93367
145,23,4,8,2025-02-20,Cancelada,186597
146,19,4,8,2025-04-20,,198909
147,34,4,8,2025-04-16,Pendiente,184452
148,15,4,8,2024-11-06,Cancelada,202602
149,4,4,8,2024-11-14,Confirmada,189662
150,20,4,8,2025-03-15,Pagada,187460
151,49,4,8,2025-09-10,Pendiente,192448
152,21,4,8,2025-02-11,Confirmada,183217
153,48,4,9,2024-11-21,Cancelada,188721
154,9,4,9,2025-06-30,Cancelada,200415
155,46,4,9,2025-09-23,Pagada,199356
156,36,4,9,2025-09-20,Pendiente,185325
157,26,4,9,2024-11-27,Confirmada,197258
158,2,4,9,2025-06-18,Cancelada,185515
159,56,4,9,2025-06-10,Pendiente,201830
160,28,4,9,2025-05-07,,196216
161,46,4,9,2025-03-21,Cancelada,192450
162,8,4,9,2025-04-20,Cancelada,183647
163,21,4,9,2025-06-05,Pagada,198040
164,54,4,9,2025-05-26,Pendiente,185851
165,28,4,9,2025-08-26,Confirmada,190936
166,28,4,9,2025-08-05,,196085
167,34,4,9,2025-10-05,Confirmada,195932
168,56,4,9,2024-11-07,Pendiente,194089
169,15,4,9,2025-04-15,Pendiente,188473
170,5,4,9,2025-10-11,,186700
171,34,4,9,2025-09-02,,189317
172,58,4,9,2025-06-02,Pendiente,194468
173,53,4,10,2025-07-03,Pagada,190706
174,7,4,10,2025-01-04,Pagada,191351
175,13,4,10,2025-02-24,Pagada,202703
176,10,4,10,2025-06-14,Confirmada,188768
177,50,4,10,2025-04-25,Cancelada,198166
178,49,4,10,2025-05-05,,201952
179,29,4,10,2024-12-20,,193554
180,56,4,10,2024-11-16,Pendiente,187910
181,29,4,10,2025-04-15,Confirmada,198329
182,29,4,10,2024-12-02,Pendiente,191964
183,38,4,10,2025-09-02,Confirmada,194496
184,33,4,10,2025-10-07,Confirmada,193135
185,30,4,10,2025-09-13,Cancelada,184196
186,4,4,10,2025-03-05,Pendiente,192370
187,5,4,10,2025-07-27,Confirmada,202430
188,33,4,10,2024-11-24,Cancelada,198126
189,38,4,10,2025-05-06,,184308
190,29,4,10,2025-06-30,,189132
191,21,4,10,2024-12-29,,198549
192,33,4,10,2024-11-07,Pagada,184991
193,29,4,10,2025-01-27,Confirmada,194217
194,46,4,10,2025-07-24,Confirmada,199497
195,42,4,10,2025-04-11,Pagada,184246
196,16,4,10,2025-04-11,Cancelada,197362
197,34,4,10,2025-05-14,,202946
198,11,4,10,2025-05-14,Pendiente,195181
199,59,4,10,2025-06-16,Pendiente,195658
200,27,4,10,2024-12-23,Pendiente,202555
201,51,4,11,2025-03-13,Pendiente,185123
202,22,4,11,2025-03-16,Confirmada,201247
203,44,4,11,2025-10-14,Cancelada,192274
204,17,4,11,2025-02-09,,187891
205,22,4,11,2025-03-22,Confirmada,202059
206,43,4,11,2025-03-30,Pagada,194426
207,42,5,12,2025-08-19,Cancelada,154829
208,39,5,12,2025-03-03,Confirmada,160748
209,36,5,12,2025-07-13,Cancelada,161367
210,53,5,12,2025-06-12,Pagada,167852
211,6,5,12,2024-11-12,Cancelada,167266
212,24,5,12,2025-08-25,Confirmada,162485
213,20,5,12,2025-06-25,Pagada,157622
214,22,5,12,2025-07-01,Cancelada,156895
215,15,5,12,2025-03-01,Pagada,155681
216,5,5,12,2024-11-17,Pendiente,153918
217,33,5,12,2025-02-28,,167857
218,3,5,12,2024-11-28,Pendiente,154898
219,39,5,12,2025-05-27,Cancelada,155658
220,11,5,12,2025-07-13,Pagada,156028
221,29,5,13,2025-03-22,Confirmada,164067
222,24,5,13,2025-02-10,Pagada,165159
223,40,5,13,2025-01-28,Pendiente,165314
224,15,5,13,2025-07-31,,158441
225,20,5,13,2025-09-18,Cancelada,156961
226,24,5,13,2025-07-04,,165041
227,30,5,13,2025-10-09,Pendiente,163117
228,33,5,13,2025-06-14,,164322
229,11,5,13,2025-09-27,Pagada,170417
230,9,5,13,2024-12-20,Pendiente,152313
231,42,5,13,2025-03-01,Cancelada,162767
232,36,5,13,2024-11-23,Confirmada,167509
233,55,5,13,2025-06-06,Confirmada,159944
234,6,5,13,2025-07-07,Pagada,159542
235,29,5,13,2024-12-16,,155432
236,54,5,13,2025-10-14,Cancelada,153609
237,59,5,13,2025-03-07,Pagada,165386
238,57,5,13,2025-02-20,Pendiente,151477
239,27,5,13,2025-07-04,Confirmada,163595
240,33,5,13,2025-07-21,Pendiente,158329
241,25,5,13,2025-07-07,Confirmada,162889
242,15,5,13,2025-03-24,Confirmada,161046
243,60,5,13,2024-12-12,Confirmada,161590
244,51,5,13,2025-06-11,Pagada,155112
245,3,5,13,2025-07-25,Pendiente,166085
246,45,5,13,2025-10-22,Pagada,165975
247,29,5,13,2024-11-24,,150776
248,58,5,13,2025-02-20,Confirmada,151226
249,14,5,14,2025-05-28,Pagada,168587
250,47,5,14,2025-03-18,,167898
251,28,5,14,2025-06-29,Confirmada,160044
252,16,5,14,2025-08-26,Pendiente,154596
253,4,5,14,2025-02-27,Pagada,164360
254,41,5,14,2025-09-03,,165582
255,5,5,14,2024-12-11,Confirmada,166982
256,39,5,14,2025-07-10,,151142
257,41,5,14,2025-07-22,,169447
258,16,5,14,2025-09-09,Pagada,160148
259,28,5,14,2025-08-05,Confirmada,162165
260,16,5,14,2025-07-16,,164254
261,12,5,14,2025-10-12,Confirmada,167757
262,5,6,15,2025-05-15,,65639
263,33,6,15,2024-11-28,,65969
264,2,6,15,2025-06-30,Cancelada,63216
265,3,6,15,2025-07-10,Cancelada,60043
266,17,6,15,2025-04-05,Confirmada,59512
267,51,6,15,2025-05-08,Confirmada,59109
268,16,6,15,2025-03-12,Confirmada,66878
269,48,6,15,2024-10-30,Pendiente,52182
270,3,6,15,2025-03-12,Pendiente,65702
271,22,6,15,2025-02-19,Pagada,63035
272,45,6,15,2025-01-01,Cancelada,53783
273,52,6,15,2025-01-14,Pagada,49878
274,46,6,15,2025-03-04,Cancelada,49022
275,19,6,15,2025-08-16,Pagada,49246
276,51,6,15,2025-04-29,Pagada,49184
277,21,6,15,2025-01-05,Pendiente,64699
278,53,7,16,2025-01-18,,112826
279,17,7,16,2024-12-15,Confirmada,103576
280,19,7,16,2024-12-22,Pendiente,98880
281,56,7,16,2024-11-21,Pendiente,106266
282,8,7,16,2025-02-14,Pendiente,111632
283,57,7,16,2025-09-15,Cancelada,111723
284,58,7,16,2025-08-25,Cancelada,108423
285,12,7,16,2024-12-01,Cancelada,113616
286,24,7,16,2025-05-08,,106053
287,52,7,16,2025-08-18,Confirmada,111224
288,6,7,16,2025-05-20,Cancelada,117055
289,53,7,16,2025-09-12,Pagada,115188
290,19,7,16,2025-08-05,Pendiente,100675
291,6,7,16,2025-10-01,Pendiente,107001
292,20,7,16,2025-05-15,Cancelada,117060
293,46,7,16,2024-11-06,Cancelada,102774
294,45,7,16,2025-07-07,Cancelada,108833
295,3,7,17,2025-03-02,Pendiente,111566
296,18,7,17,2025-09-28,Confirmada,99772
297,43,7,17,2025-08-16,Cancelada,109218
298,33,7,17,2025-06-20,Pagada,98334
299,10,7,17,2024-12-12,,111672
300,3,7,17,2025-06-11,Pagada,99517
301,16,7,17,2025-03-18,Pendiente,109180
302,25,7,17,2024-12-21,,98375
303,39,7,17,2024-12-25,Pagada,112057
304,24,7,17,2025-01-01,Pendiente,111861
305,49,7,17,2025-09-10,Confirmada,116120
306,9,7,17,2025-07-19,,109338
307,26,7,17,2025-08-18,Pendiente,106446
308,16,7,17,2025-06-22,Confirmada,98163
309,48,7,17,2025-09-02,Pagada,113666
310,34,7,17,2025-10-08,Cancelada,115718
311,8,7,17,2024-12-26,Pendiente,105843
312,46,7,17,2025-07-30,Cancelada,104345
313,40,7,17,2025-04-10,Pendiente,113409
314,8,7,18,2024-11-08,Pagada,99740
315,29,7,18,2025-03-31,Pagada,111899
316,6,7,18,2025-03-13,Pendiente,108698
317,46,7,18,2025-07-12,Confirmada,115336
318,35,7,18,2025-07-29,Pendiente,107142
319,55,7,18,2025-01-23,Pagada,103018
320,51,7,18,2025-04-13,Pendiente,113984
321,15,7,18,2025-06-17,Confirmada,103899
322,51,7,18,2025-02-10,Pagada,105071
323,51,7,18,2025-08-11,Cancelada,98175
324,24,7,18,2025-08-09,,116066
325,30,7,19,2025-08-23,,101566
326,40,7,19,2025-04-15,Confirmada,99468
327,20,7,19,2025-01-21,Cancelada,112998
328,34,7,19,2025-05-18,Cancelada,110730
329,53,7,19,2025-01-23,,99730
330,9,7,19,2025-02-20,Pendiente,99744
331,29,7,19,2025-09-02,Cancelada,114266
332,23,7,19,2025-08-23,Pagada,115379
333,41,7,19,2025-04-23,,103276
334,50,7,19,2025-10-09,Pagada,111490
335,33,7,19,2025-09-12,Confirmada,101382
336,34,7,19,2025-01-06,Pagada,107279
337,11,7,19,2025-03-14,Pagada,107886
338,60,7,19,2025-07-13,Pagada,108652
339,34,7,19,2025-06-01,Pendiente,99898
340,17,7,19,2025-04-12,Pagada,115363
341,9,7,20,2025-04-20,Pendiente,114795
342,6,7,20,2025-08-17,,102839
343,38,7,20,2025-02-09,,102366
344,11,7,20,2025-08-21,,117143
345,22,7,20,2025-03-20,,98663
346,53,7,20,2025-05-06,Confirmada,99975
347,3,7,20,2025-05-15,,105986
348,42,7,20,2025-04-03,Pagada,116061
349,27,7,20,2024-12-24,,98306
350,32,7,20,2025-09-05,,106805
351,42,7,20,2025-01-08,Pendiente,113139
352,16,7,20,2025-08-30,Cancelada,107060
353,30,7,20,2025-06-14,Confirmada,99277
354,29,8,21,2024-12-15,Cancelada,188342
355,30,8,21,2025-09-27,Pagada,183622
356,39,8,21,2025-01-28,Pagada,182717
357,56,8,21,2024-11-12,Pendiente,183792
358,26,8,21,2025-06-29,Pagada,184616
359,33,8,21,2025-04-27,,175954
360,21,8,21,2025-09-27,Pagada,187760
361,8,8,21,2025-03-16,Pendiente,187207
362,16,8,21,2025-05-26,Pagada,175647
363,4,8,21,2025-10-20,Pendiente,185062
364,27,8,22,2024-12-01,Pagada,177708
365,53,8,22,2025-07-26,Pendiente,191404
366,47,8,22,2025-09-16,Pendiente,178695
367,49,8,22,2025-05-11,Pagada,188802
368,33,8,22,2025-09-18,Cancelada,188818
369,57,8,22,2024-12-10,Pendiente,188772
370,2,8,22,2025-02-10,Confirmada,185360
371,33,8,22,2024-11-24,Cancelada,180363
372,14,8,22,2025-08-15,,184038
373,4,8,22,2024-12-24,Confirmada,181694
374,32,8,22,2025-02-05,,187895
375,19,8,22,2025-04-15,,172742
376,55,8,22,2025-10-09,Confirmada,186595
377,9,8,22,2025-05-10,Pendiente,184460
378,49,8,22,2024-12-19,Cancelada,184466
379,3,8,22,2025-09-10,Cancelada,174151
380,37,8,22,2025-04-10,,178853
381,24,8,22,2024-11-27,,181931
382,5,8,22,2025-10-11,Cancelada,188998
383,29,8,22,2025-01-17,,181640
384,53,8,22,2025-09-05,,176368
385,9,8,22,2025-04-16,Confirmada,185382
386,24,8,22,2025-10-01,Pendiente,190754
387,24,8,22,2025-03-07,Pagada,178997
388,33,9,23,2025-10-19,Cancelada,63342
389,3,9,23,2024-11-02,Confirmada,48231
390,9,9,23,2025-04-02,Pendiente,62479
391,34,9,23,2024-11-12,Cancelada,51836
392,39,9,23,2025-03-25,,51536
393,21,9,23,2025-05-05,,57393
394,11,9,23,2025-03-17,Cancelada,56761
395,38,9,23,2025-01-22,Pendiente,63579
396,54,9,23,2025-03-21,,64399
397,32,9,23,2024-11-23,,56779
398,31,9,23,2025-03-17,Confirmada,59026
399,22,9,23,2025-01-18,Confirmada,60605
400,38,9,23,2024-11-02,Pendiente,47829
401,39,9,23,2025-02-23,Cancelada,55656
402,42,9,23,2025-10-19,,65883
403,15,9,23,2024-11-30,Confirmada,66076
404,31,9,23,2025-09-13,Pagada,64134
405,41,9,23,2025-07-27,,59414
406,10,9,23,2025-07-02,Pagada,47990
407,37,9,23,2025-03-02,Confirmada,53207
408,2,9,23,2025-08-26,Cancelada,57235
409,27,9,23,2024-12-18,Pagada,60487
410,45,9,23,2024-12-15,Pagada,60403
411,33,9,23,2024-11-06,,62409
412,47,9,24,2025-02-11,Confirmada,51480
413,34,9,24,2025-10-14,Pagada,65335
414,21,9,24,2025-09-10,Cancelada,64174
415,25,9,24,2025-04-24,Pendiente,52630
416,30,9,24,2025-07-20,,58173
417,35,9,24,2025-09-10,Pendiente,55618
418,40,9,24,2024-12-15,Cancelada,53256
419,16,9,24,2025-08-13,Pendiente,65243
420,20,9,24,2025-07-24,Pagada,56708
421,50,9,24,2025-04-23,Pendiente,53748
422,45,9,24,2025-04-15,Cancelada,57344
423,31,9,24,2025-06-18,Pendiente,65322
424,60,9,24,2024-10-25,Pendiente,56386
425,8,9,24,2025-10-09,,64755
426,25,9,24,2024-11-22,Cancelada,58265
427,50,9,24,2024-10-30,Pagada,56473
428,3,9,24,2025-01-30,Pendiente,49545
429,23,9,24,2025-01-14,Cancelada,55359
430,48,9,24,2025-09-12,Cancelada,53967
431,13,9,24,2024-12-20,,55840
432,60,9,24,2025-05-24,,55856
433,9,9,24,2025-10-23,Confirmada,66185
434,16,9,24,2025-08-01,Pagada,48619
435,43,9,24,2025-06-16,,54350
436,41,9,24,2025-05-15,Pagada,48676
437,7,9,24,2025-04-05,Cancelada,57779
438,46,9,24,2024-12-05,Cancelada,50250
439,44,9,24,2025-08-20,Pagada,47125
440,60,9,25,2025-02-11,Pagada,60289
441,42,9,25,2025-01-23,Cancelada,62601
442,42,9,25,2025-02-16,Pagada,56368
443,21,9,25,2024-12-09,Pendiente,48894
444,59,9,25,2024-11-10,Confirmada,65769
445,15,9,25,2025-01-23,,48178
446,59,9,25,2025-04-04,Pagada,60649
447,57,9,25,2025-06-28,Pagada,48146
448,54,9,25,2025-08-27,Cancelada,63188
449,12,9,25,2025-06-21,Pendiente,48183
450,1,9,25,2025-04-18,Pendiente,65566
451,39,9,25,2024-11-16,Confirmada,57934
452,19,9,25,2024-12-05,Cancelada,64758
453,34,9,25,2025-09-12,Cancelada,51353
454,55,9,25,2025-10-09,,62292
455,18,9,25,2025-05-05,Pagada,50647
456,22,9,25,2025-06-11,Pagada,61993
457,42,9,25,2025-05-19,Pendiente,53057
458,1,9,25,2024-10-29,Pendiente,56623
459,37,9,25,2025-06-25,Pagada,52706
460,40,9,25,2025-05-11,Cancelada,60970
461,33,9,25,2025-06-03,Pendiente,49798
462,43,9,26,2025-01-24,Confirmada,53010
463,9,9,26,2025-07-29,Cancelada,57559
464,60,9,26,2024-12-17,Pagada,47179
465,17,9,26,2025-02-13,Cancelada,54673
466,29,9,26,2025-04-07,Pendiente,57757
467,20,9,26,2024-10-23,,65728
468,1,9,26,2025-06-18,Pendiente,58737
469,45,9,26,2025-03-09,Pagada,48991
470,43,9,26,2025-01-24,Confirmada,62206
471,20,9,26,2025-06-01,Pagada,60240
472,44,9,26,2025-04-02,,57146
473,45,9,26,2025-01-03,Confirmada,56623
474,24,9,26,2025-07-08,,54192
475,15,9,26,2025-07-09,Pagada,62625
476,10,9,26,2024-11-25,Cancelada,66804
477,24,9,26,2025-05-14,Cancelada,64953
478,59,9,26,2025-03-12,Cancelada,64569
479,43,9,27,2024-11-18,Pagada,55064
480,44,9,27,2025-05-15,,49638
481,34,9,27,2025-05-22,Cancelada,64263
482,46,9,27,2025-05-08,Pendiente,49515
483,59,9,27,2025-08-24,,50632
484,4,9,27,2025-05-08,,63519
485,13,9,27,2025-05-26,,64541
486,10,9,27,2024-10-30,Pagada,57707
487,55,9,27,2025-03-23,,61434
488,8,9,27,2025-09-27,Pagada,66064
489,32,9,27,2025-04-23,Confirmada,63679
490,29,9,27,2024-11-08,Confirmada,61814
491,9,9,27,2025-06-26,,60568
492,30,9,27,2025-03-22,,48847
493,36,9,27,2025-03-16,Cancelada,57054
494,47,9,27,2025-01-29,Confirmada,59930
495,17,9,27,2025-08-09,Confirmada,54096
496,38,9,27,2024-10-29,Confirmada,48440
497,28,9,27,2025-03-10,Pendiente,49045
498,35,9,27,2025-08-25,Confirmada,49217
499,60,9,27,2024-11-18,Cancelada,47995
500,19,9,27,2025-03-05,Cancelada,52853
501,50,9,27,2025-01-24,Pagada,60730
502,24,9,27,2025-08-03,Cancelada,61653
503,56,9,27,2025-07-05,Cancelada,59265
504,6,9,27,2025-06-23,,51313
505,42,9,27,2024-12-02,Pendiente,50843
506,12,9,27,2025-08-18,,59835
507,34,9,27,2025-06-05,Pagada,54253
508,54,9,27,2025-08-04,Confirmada,47700
509,30,10,28,2025-08-12,,106021
510,35,10,28,2025-03-01,Cancelada,99649
511,16,10,28,2024-12-13,Cancelada,103466
512,10,10,28,2024-11-09,Pendiente,98300
513,60,10,28,2025-03-08,Confirmada,93179
514,52,10,28,2025-05-23,Cancelada,92636
515,16,10,28,2025-03-03,Pagada,94328
516,7,10,28,2025-09-03,,93224
517,29,10,28,2025-06-29,,93719
518,16,10,28,2024-12-29,Confirmada,105305
519,29,10,28,2025-09-10,Pagada,109810
520,14,10,28,2025-08-21,Confirmada,96715
521,33,10,28,2025-07-15,Pendiente,99797
522,53,10,28,2025-04-21,,102573
523,39,10,29,2025-07-20,Pendiente,99886
524,20,10,29,2025-04-26,Pagada,109204
525,15,10,29,2025-06-25,Cancelada,101970
526,18,10,29,2025-01-01,Confirmada,110366
527,38,10,29,2025-09-03,Pagada,106122
528,36,10,29,2024-12-14,Cancelada,93660
529,23,10,29,2024-11-16,Cancelada,109309
530,21,10,29,2025-07-28,Cancelada,105501
531,10,10,29,2025-08-20,Pendiente,104459
532,12,10,29,2025-04-18,,107640
533,16,10,29,2024-11-06,Pagada,101978
534,55,10,29,2025-02-13,Pagada,107296
535,59,10,29,2025-01-09,Confirmada,110552
536,27,10,29,2024-11-09,Cancelada,110385
537,34,10,29,2025-08-26,Pagada,104851
538,16,10,29,2025-01-08,Pendiente,98786
539,22,10,29,2025-10-02,Confirmada,106862
540,55,10,29,2024-11-08,Pendiente,95153
541,35,10,29,2025-02-22,Pagada,93812
542,18,10,29,2025-10-20,Cancelada,111947
543,39,10,29,2025-02-20,Confirmada,94508
544,13,10,29,2025-05-11,,110436
545,14,10,29,2025-03-26,Cancelada,98968
546,20,11,30,2025-09-04,Confirmada,156914
547,60,11,30,2025-05-21,Pagada,153818
548,48,11,30,2025-04-24,Cancelada,157923
549,45,11,30,2025-01-29,,156675
550,26,11,30,2024-11-06,Pagada,168064
551,21,11,30,2025-08-11,Pendiente,162447
552,30,11,30,2025-07-01,,161746
553,20,11,30,2025-01-05,Pendiente,161758
554,33,11,30,2025-02-11,Cancelada,165244
555,7,11,30,2025-03-10,Cancelada,160467
556,59,11,30,2025-09-22,Pagada,162121
557,21,11,30,2025-08-22,Cancelada,151472
558,37,11,30,2024-11-10,Pagada,154755
559,2,11,30,2025-09-24,Pendiente,168104
560,60,11,30,2025-07-04,,168951
561,27,11,31,2025-02-28,Pendiente,154968
562,13,11,31,2025-02-06,Pendiente,157511
563,25,11,31,2024-12-10,,158026
564,32,11,31,2025-08-29,,161035
565,17,11,31,2025-03-14,Cancelada,166049
566,30,11,31,2025-04-10,Pagada,161514
567,11,11,31,2025-10-03,Pagada,167883
568,32,11,31,2025-03-27,Pagada,167738
569,42,11,31,2025-08-07,Confirmada,167142
570,3,11,31,2025-04-11,Confirmada,151563
571,49,11,31,2025-10-05,Confirmada,163487
572,9,11,31,2025-03-22,Pagada,152201
573,46,11,31,2025-03-03,Pagada,150273
574,14,11,31,2025-01-03,,164916
575,24,11,31,2025-05-03,Confirmada,165807
576,43,11,31,2025-07-18,Cancelada,150489
577,1,11,31,2025-05-04,,168050
578,27,11,31,2025-03-14,Confirmada,150522
579,34,11,31,2025-10-16,Pendiente,167529
580,19,11,31,2025-08-28,Confirmada,166430
581,53,11,31,2025-05-12,Cancelada,155848
582,7,11,31,2025-02-03,Confirmada,167157
583,10,11,31,2025-08-30,Pagada,156263
584,40,11,31,2024-11-24,,158245
585,53,11,31,2025-08-01,Pendiente,158733
586,51,11,31,2025-04-05,Cancelada,152563
587,24,11,31,2024-11-22,Cancelada,165014
588,37,11,31,2025-04-08,Pagada,157374
589,44,11,32,2025-06-13,Confirmada,151012
590,6,11,32,2025-09-07,Cancelada,162401
591,25,11,32,2025-01-01,,165571
592,4,11,32,2025-05-22,Confirmada,155589
593,6,11,32,2025-02-14,Cancelada,164192
594,42,11,32,2025-02-24,Pendiente,168515
595,55,11,32,2024-12-01,Confirmada,167280
596,59,11,32,2024-11-23,Confirmada,157502
597,14,11,32,2025-02-27,,165555
598,18,11,32,2025-07-06,Confirmada,152410
599,44,11,32,2025-02-14,Pendiente,167768
600,37,11,32,2025-02-19,Confirmada,155851
601,60,11,32,2025-04-14,Pendiente,150487
602,14,11,32,2025-06-14,,154698
603,53,11,33,2025-07-28,Cancelada,152495
604,20,11,33,2025-04-06,Pagada,168453
605,16,11,33,2024-12-26,,162725
606,44,11,33,2025-07-17,,160844
607,25,11,33,2025-04-13,Pagada,152543
608,33,11,33,2025-03-08,Pendiente,151733
609,7,11,33,2025-04-14,Cancelada,157580
610,54,11,33,2024-11-08,Confirmada,161134
611,39,11,33,2025-08-01,,169490
612,26,11,33,2025-09-25,Pendiente,150944
613,41,11,33,2025-10-12,Pendiente,164737
614,32,11,33,2025-03-08,Pagada,161633
615,36,11,33,2025-06-18,Cancelada,164124
616,12,11,33,2025-04-09,,162428
617,6,11,33,2025-02-06,,159652
618,52,11,33,2025-06-28,Pagada,152382
619,6,11,33,2025-08-26,Pendiente,155027
620,25,11,33,2024-11-14,Pagada,162741
621,21,11,33,2024-11-21,Pendiente,153465
622,6,11,33,2025-07-10,Confirmada,160075
623,29,11,33,2025-06-27,Pendiente,158813
624,7,11,33,2025-03-29,Pagada,152834
625,12,11,33,2025-03-13,Cancelada,164681
626,36,11,33,2025-05-10,,166765
627,27,11,33,2025-08-30,Confirmada,150834
628,6,11,33,2025-08-10,Pendiente,168134
629,6,11,33,2025-07-13,,169570
630,51,11,33,2024-12-24,Pendiente,162597
631,1,11,33,2024-11-04,Pendiente,163533
632,50,11,34,2024-12-17,Confirmada,168308
633,58,11,34,2025-09-17,Pagada,168715
634,34,11,34,2025-06-15,Pagada,162449
635,11,11,34,2025-07-13,Pagada,158785
636,20,11,34,2025-08-22,Pendiente,166132
637,10,11,34,2025-04-11,Confirmada,155453
638,28,11,34,2024-11-05,Pendiente,163772
639,20,11,34,2024-12-11,Cancelada,152494
640,24,11,34,2024-11-18,Pendiente,158054
641,47,11,34,2025-01-22,Cancelada,169431
642,40,11,34,2025-08-21,Pagada,164977
643,7,11,34,2025-06-30,Pagada,159957
644,1,11,34,2025-03-14,Cancelada,160860
645,54,11,34,2025-03-12,,162422
646,52,11,34,2025-03-20,Pendiente,164399
647,22,11,34,2025-05-31,Cancelada,169451
648,9,11,34,2024-11-04,Pendiente,160481
649,45,12,35,2025-06-14,Pagada,173453
650,21,12,35,2024-12-21,Pagada,170806
651,21,12,35,2025-07-13,Pendiente,173846
652,37,12,35,2025-04-15,Pagada,168435
653,25,12,35,2025-03-16,Pendiente,170632
654,24,12,35,2025-03-16,Confirmada,176233
655,13,12,35,2025-04-13,,175636
656,12,12,35,2025-08-15,,158638
657,47,12,35,2024-11-21,Cancelada,164626
658,29,12,35,2025-06-02,Pendiente,160023
659,53,12,35,2024-12-15,Cancelada,174118
660,9,12,35,2025-05-16,Pendiente,165687
661,17,12,35,2025-03-14,Pagada,171622
662,51,12,35,2025-03-26,Cancelada,160180
663,29,12,35,2025-02-22,,173460
664,38,12,35,2025-07-02,Cancelada,175267
665,33,12,35,2025-02-08,Cancelada,175571
666,3,12,35,2025-01-27,Pendiente,175350
667,39,12,35,2024-12-06,Confirmada,161340
668,50,12,35,2024-11-02,Pagada,169389
669,11,12,35,2025-08-04,,159208
670,37,12,35,2025-01-03,Cancelada,168622
671,51,12,35,2025-05-04,Cancelada,161228
672,1,12,35,2025-05-12,Confirmada,166235
673,33,12,36,2025-03-22,,176041
674,38,12,36,2025-10-12,,164999
675,29,12,36,2025-05-29,Pendiente,170573
676,30,12,36,2024-12-07,,174156
677,10,12,36,2025-02-01,Pendiente,158561
678,31,12,36,2025-08-19,Confirmada,167437
679,27,12,36,2025-02-01,Confirmada,161560
680,54,12,36,2025-07-23,Pagada,169171
681,20,12,36,2025-04-14,Pendiente,172677
682,51,12,36,2025-01-14,Pagada,174832
683,31,12,36,2025-06-17,Pendiente,173359
684,7,12,36,2025-02-10,Cancelada,172582
685,5,12,37,2025-07-19,Pendiente,159221
686,52,12,37,2025-10-13,Confirmada,158497
687,55,12,37,2025-05-01,Pendiente,161340
688,44,12,37,2025-01-08,Pagada,165749
689,34,12,37,2024-12-09,Pagada,175841
690,11,12,37,2024-12-14,Pendiente,176102
691,28,12,37,2025-09-19,Cancelada,165354
692,52,12,37,2024-11-20,Cancelada,163801
693,12,12,37,2025-04-16,Cancelada,170719
694,2,12,37,2024-12-29,,164222
695,29,12,37,2025-10-07,,171832
696,25,12,37,2025-07-27,Confirmada,164795
697,14,12,37,2025-04-13,Pendiente,159807
698,37,12,37,2024-11-26,Confirmada,175349
699,12,12,37,2025-09-02,Pendiente,168438
700,30,13,38,2025-07-14,Confirmada,121522
701,43,13,38,2025-09-16,Cancelada,130218
702,41,13,38,2025-02-24,Pendiente,132487
703,25,13,38,2025-07-09,,125788
704,38,13,38,2025-03-06,Confirmada,124326
705,23,13,38,2025-07-25,Cancelada,118579
706,53,13,38,2024-11-17,Pendiente,132264
707,6,13,38,2025-05-24,Pagada,123188
708,8,13,38,2025-05-21,Pagada,122932
709,8,13,38,2025-02-12,Pagada,125158
710,45,13,38,2025-10-04,Pagada,129664
711,27,13,39,2025-02-16,,117443
712,37,13,39,2025-09-18,Cancelada,126788
713,12,13,39,2024-12-23,Cancelada,130534
714,45,13,39,2025-07-26,Pagada,131109
715,11,13,39,2025-07-25,Cancelada,122390
716,9,13,39,2025-10-18,Pagada,123234
717,54,13,39,2025-07-21,Cancelada,114682
718,56,13,39,2025-06-27,Pendiente,113240
719,32,13,39,2024-12-29,Pagada,119319
720,53,13,39,2025-08-27,Cancelada,131327
721,33,13,39,2025-03-12,Cancelada,126332
722,44,13,39,2025-05-08,Cancelada,126545
723,46,13,39,2025-01-18,Cancelada,128939
724,11,13,39,2024-12-09,Confirmada,131452
725,2,13,39,2025-01-09,Pagada,122497
726,3,13,39,2025-08-26,Pendiente,120293
727,35,13,39,2024-12-15,Pendiente,118437
728,30,13,40,2025-01-22,,129156
729,36,13,40,2025-08-25,,116635
730,37,13,40,2025-05-02,Confirmada,121704
731,50,13,40,2024-11-02,,124947
732,35,13,40,2025-03-12,Confirmada,127388
733,35,13,40,2025-05-26,Pagada,126857
734,7,13,40,2025-06-02,Pagada,122681
735,56,13,40,2025-03-15,Confirmada,127662
736,17,13,40,2025-04-22,Pendiente,115776
737,29,13,40,2025-08-31,Confirmada,120690
738,14,13,40,2025-05-25,,124415
739,56,13,40,2024-12-12,,126956
740,11,13,40,2025-06-17,,117488
741,51,13,40,2025-10-01,Pagada,119707
742,52,13,40,2024-11-25,Confirmada,131606
743,23,13,40,2024-11-17,,122136
744,39,13,40,2025-02-20,,118443
745,21,13,40,2025-03-26,Pendiente,122406
746,37,13,40,2025-07-28,Pendiente,129782
747,58,13,40,2025-07-29,Confirmada,117368
748,49,13,40,2025-04-26,Cancelada,114868
749,18,13,40,2025-05-15,Pagada,117274
750,16,13,40,2025-03-31,Pagada,123480
751,54,13,40,2025-08-17,Pagada,125794
752,32,13,40,2025-03-31,Pagada,131847
753,41,13,40,2025-09-07,Pendiente,126499
754,25,13,40,2025-06-03,Cancelada,115400
755,41,13,40,2024-11-20,Confirmada,126126
756,33,13,40,2024-12-10,Pendiente,125019
757,32,13,41,2025-02-23,Pendiente,131995
758,1,13,41,2025-06-29,Confirmada,127948
759,41,13,41,2024-11-20,Pendiente,115001
760,51,13,41,2025-04-15,,125958
761,14,13,41,2025-04-21,Cancelada,119867
762,32,13,41,2025-07-14,Pendiente,123505
763,54,13,41,2025-05-11,Pendiente,123993
764,36,13,41,2025-03-05,,117205
765,37,13,41,2024-12-11,Cancelada,124189
766,58,13,41,2025-09-28,Confirmada,114431
767,7,13,41,2025-09-09,Cancelada,113459
768,8,13,41,2025-08-22,Pagada,127386
769,30,13,41,2025-05-25,Confirmada,126944
770,13,13,41,2025-06-28,Pagada,122817
771,11,13,41,2025-06-08,Pendiente,115984
772,42,13,41,2025-01-01,Pendiente,121130
773,6,13,41,2025-08-17,Pendiente,118349
774,4,13,41,2024-12-12,Cancelada,122936
775,47,13,41,2025-04-09,Pagada,126991
776,6,13,42,2025-05-06,Confirmada,112961
777,14,13,42,2025-10-11,Cancelada,115479
778,9,13,42,2025-09-25,,120337
779,34,13,42,2024-11-13,Cancelada,113230
780,1,13,42,2025-09-10,Pendiente,116877
781,56,13,42,2024-12-10,Cancelada,117257
782,31,13,42,2025-05-12,Confirmada,120428
783,25,13,42,2024-12-21,Confirmada,116282
784,7,13,42,2025-02-18,Pendiente,124970
785,57,13,42,2024-12-25,Pendiente,117419
786,25,13,42,2024-12-24,Pagada,117607
787,5,13,42,2025-02-25,,131383
788,1,13,42,2025-10-21,,118303
789,29,13,42,2025-07-25,Pendiente,119907
790,41,13,42,2025-01-18,Pagada,126416
791,40,13,42,2025-03-06,Cancelada,120044
792,6,13,42,2025-10-23,Confirmada,117513
793,49,13,42,2025-05-12,Confirmada,132245
794,47,13,42,2025-10-05,Cancelada,124445
795,28,13,42,2025-02-10,Pendiente,117507
796,16,13,42,2025-09-16,Pendiente,115686
797,16,13,42,2024-11-22,,132619
798,39,13,42,2025-01-28,,122262
799,50,13,42,2025-01-07,Confirmada,122810
800,14,13,42,2025-06-26,,132813
801,13,14,43,2025-05-24,Cancelada,91537
802,42,14,43,2025-02-06,Confirmada,89695
803,32,14,43,2024-12-10,Cancelada,85547
804,16,14,43,2025-06-22,Cancelada,101314
805,5,14,43,2025-02-17,,82248
806,24,14,43,2025-06-18,Pendiente,86177
807,25,14,43,2025-05-18,,95643
808,24,14,43,2024-11-28,,87514
809,49,14,43,2025-05-06,Cancelada,84244
810,2,14,43,2025-06-28,,84065
811,1,14,43,2024-12-27,Pendiente,88922
812,3,14,43,2025-06-09,Confirmada,94893
813,33,14,43,2025-10-23,Pendiente,98271
814,50,14,43,2025-06-05,Cancelada,95732
815,45,14,43,2024-12-21,Cancelada,84553
816,41,14,43,2024-12-28,,99470
817,40,14,43,2025-07-05,Pagada,90945
818,6,14,43,2025-06-22,Pendiente,84442
819,33,14,43,2025-07-29,Pagada,86944
820,35,14,43,2025-10-08,Pendiente,94656
821,38,14,43,2025-06-15,Confirmada,92016
822,28,14,44,2025-03-03,Pagada,83750
823,16,14,44,2025-09-15,Confirmada,96090
824,8,14,44,2025-10-16,Cancelada,101803
825,4,14,44,2025-05-29,Pendiente,87608
826,8,14,44,2024-11-07,Confirmada,86349
827,45,14,44,2025-09-08,Confirmada,87221
828,32,14,44,2025-09-23,Pendiente,98990
829,34,14,44,2024-11-03,Pendiente,87324
830,24,14,44,2024-11-23,Pagada,90659
831,47,14,44,2024-11-09,Confirmada,82814
832,22,14,44,2025-06-29,Cancelada,90765
833,34,14,44,2025-08-18,Confirmada,90469
834,46,14,44,2025-06-03,,84378
835,32,14,44,2025-02-02,Cancelada,98590
836,24,14,44,2025-07-02,Confirmada,98224
837,55,14,44,2025-01-12,,87321
838,24,14,44,2025-08-16,Pagada,90212
839,50,14,44,2025-06-02,Confirmada,100658
840,44,14,44,2025-04-02,Confirmada,89337
841,48,14,44,2025-06-20,,81937
842,3,14,44,2025-06-28,Confirmada,89866
843,3,14,44,2024-11-03,Cancelada,93779
844,25,14,44,2025-05-04,Pagada,87717
845,60,14,44,2025-10-03,Confirmada,99969
846,52,14,44,2025-06-23,Cancelada,89209
847,21,14,44,2025-05-22,Pagada,95492
848,59,14,44,2025-02-12,Pendiente,90741
849,37,14,45,2025-06-29,Pendiente,85765
850,33,14,45,2025-02-17,Confirmada,87729
851,15,14,45,2025-04-28,,83357
852,26,14,45,2025-01-26,Confirmada,97093
853,56,14,45,2025-08-31,Pendiente,92033
854,21,14,45,2025-09-01,Confirmada,99976
855,30,14,45,2025-07-16,Confirmada,93941
856,19,15,46,2025-03-29,,139152
857,48,15,46,2025-02-15,,137142
858,30,15,46,2025-04-17,Pendiente,148582
859,32,15,46,2024-11-20,Pagada,147103
860,49,15,46,2025-07-17,Pagada,134127
861,1,15,46,2024-11-15,Cancelada,129977
862,15,15,46,2024-12-23,,140545
863,41,15,46,2025-04-11,Confirmada,140171
864,1,15,46,2025-04-02,Cancelada,139270
865,7,15,46,2025-04-29,Pagada,146554
866,16,15,46,2025-04-21,Cancelada,145316
867,10,15,47,2025-01-10,Pendiente,132242
868,3,15,47,2025-03-04,Pagada,146225
869,27,15,47,2025-06-15,Pendiente,144216
870,48,15,47,2024-12-17,Confirmada,148224
871,7,15,47,2025-02-21,,133568
872,41,15,47,2025-09-22,Cancelada,131646
873,37,16,48,2025-07-28,Confirmada,95011
874,43,16,48,2025-02-24,Pagada,88516
875,19,16,48,2025-08-04,Pendiente,91080
876,60,16,48,2025-09-22,Cancelada,91448
877,21,16,48,2025-03-06,Cancelada,89669
878,15,16,48,2025-03-26,Confirmada,87400
879,9,16,48,2024-12-12,,84328
880,10,16,48,2025-08-14,Confirmada,86144
881,29,16,48,2025-03-15,Cancelada,91048
882,27,16,48,2025-05-10,Confirmada,98319
883,23,16,48,2025-05-29,Pagada,95566
884,20,16,48,2024-12-03,Cancelada,89441
885,55,16,48,2025-02-23,Confirmada,83720
886,11,16,48,2025-01-24,Pendiente,100527
887,3,16,48,2025-04-22,Pagada,91499
888,10,16,48,2024-12-09,Confirmada,88891
889,23,16,48,2025-02-03,Cancelada,97583
890,4,16,48,2025-04-15,Pendiente,89283
891,53,16,48,2025-01-27,Pagada,81776
892,26,16,48,2024-12-16,Cancelada,98975
893,48,16,48,2024-11-29,,88945
894,7,16,48,2024-11-11,Cancelada,84097
895,52,16,48,2025-02-12,Pagada,84737
896,4,16,49,2025-03-21,Pagada,85041
897,13,16,49,2025-09-23,Cancelada,92955
898,44,16,49,2025-06-18,Confirmada,99839
899,38,16,49,2025-04-03,Pendiente,83215
900,2,16,49,2025-01-27,Confirmada,87237
901,29,16,50,2025-09-24,Pagada,83771
902,58,16,50,2025-10-08,Pendiente,84772
903,3,16,50,2024-12-24,Cancelada,82417
904,11,16,50,2025-09-03,,94951
905,53,16,50,2025-02-27,Cancelada,97015
906,2,16,50,2025-10-20,Cancelada,94738
907,12,16,50,2025-06-04,Pendiente,87793
908,59,16,50,2025-07-30,Pagada,89768
909,18,16,50,2025-02-21,Cancelada,85628
910,3,16,50,2025-01-04,,88811
911,42,16,50,2025-08-15,Pendiente,97105
912,27,16,50,2024-12-23,,96454
913,4,16,50,2025-05-04,Confirmada,89925
914,25,16,50,2025-05-10,Pagada,94495
915,13,16,50,2025-04-22,,88922
916,41,16,50,2025-05-04,,81397
917,25,16,50,2025-09-29,Pendiente,96476
918,35,16,50,2025-02-19,Cancelada,92031
919,59,16,50,2025-05-04,,97220
920,21,16,50,2024-11-01,Cancelada,89619
921,12,16,50,2024-11-26,Confirmada,91206
922,39,16,50,2025-03-24,Pagada,81718
923,58,16,50,2025-05-07,Pendiente,82677
924,52,16,50,2025-04-18,Cancelada,98106
925,23,16,50,2025-01-24,,88385
926,7,16,51,2025-01-14,Pagada,88660
927,18,16,51,2025-06-06,,82590
928,49,16,51,2025-03-09,Pagada,99622
929,55,16,51,2024-11-10,Cancelada,92384
930,60,16,51,2024-11-11,Pagada,86528
931,16,16,51,2025-02-09,,91178
932,52,16,51,2025-05-03,Pendiente,100142
933,2,16,51,2025-06-12,Pendiente,99358
934,37,16,51,2025-09-30,Pagada,99209
935,13,16,51,2025-09-15,Cancelada,98522
936,12,17,52,2025-07-04,Cancelada,129479
937,6,17,52,2025-07-11,Confirmada,135858
938,39,17,52,2025-04-23,Pagada,128889
939,34,17,52,2025-02-10,Cancelada,128258
940,22,17,52,2025-05-19,,134837
941,52,17,52,2024-10-26,Pagada,139401
942,46,17,52,2025-09-17,Pagada,138839
943,4,17,52,2024-12-03,Confirmada,133076
944,38,17,52,2025-04-08,Pagada,131870
945,55,17,52,2024-12-14,,140192
946,5,17,52,2025-09-30,Pendiente,141198
947,38,17,52,2025-02-02,Confirmada,139264
948,20,17,52,2025-08-01,Pendiente,132707
949,11,17,52,2025-03-14,Cancelada,144200
950,21,17,53,2025-08-15,Pagada,146650
951,45,17,53,2025-03-28,,139928
952,15,17,53,2025-03-14,,133981
953,25,17,53,2024-11-09,Pendiente,137886
954,9,17,53,2025-03-27,Pagada,128294
955,45,17,53,2024-11-11,,141067
956,55,17,53,2025-06-01,,129297
957,12,17,53,2025-05-29,,138663
958,59,17,53,2025-01-06,,135474
959,41,17,53,2025-03-12,,131647
960,60,17,53,2025-05-25,Cancelada,132844
961,22,17,53,2025-02-12,Confirmada,136034
962,23,17,53,2024-11-20,Pendiente,133737
963,41,17,53,2025-03-22,Confirmada,139237
964,29,17,53,2025-05-06,Confirmada,136926
965,14,17,53,2025-04-15,Pagada,130457
966,23,17,53,2025-08-15,Pendiente,131776
967,47,17,53,2025-05-24,Confirmada,129813
968,25,17,53,2025-02-08,Cancelada,141987
969,11,17,53,2025-09-08,Cancelada,144393
970,57,17,53,2025-06-22,Cancelada,139745
971,35,17,53,2025-07-14,Cancelada,131559
972,54,17,53,2025-06-17,Cancelada,147177
973,42,17,53,2024-12-08,Pagada,133565
974,29,17,53,2024-12-11,Confirmada,129330
975,2,17,54,2024-11-29,Pendiente,136792
976,7,17,54,2025-03-24,Confirmada,139436
977,11,17,54,2025-03-16,Cancelada,133508
978,47,17,54,2025-08-27,Confirmada,146161
979,58,17,54,2025-03-03,Confirmada,139309
980,39,17,54,2025-05-27,,144054
981,46,17,54,2025-10-22,Confirmada,142369
982,42,17,54,2025-03-13,Pagada,148136
983,57,17,54,2025-08-12,Cancelada,133383
984,4,17,54,2024-12-18,Confirmada,139085
985,14,17,54,2025-01-08,Pagada,141647
986,45,17,54,2025-06-13,,145934
987,17,17,54,2025-05-08,Pendiente,137981
988,16,17,54,2025-03-27,Confirmada,129862
989,37,17,55,2025-05-05,,144323
990,10,17,55,2024-11-07,Confirmada,140059
991,1,17,55,2024-11-09,Cancelada,131107
992,19,17,55,2024-11-07,,143975
993,13,17,55,2024-12-15,Confirmada,129079
994,14,17,55,2025-07-27,Pagada,137798
995,6,17,55,2025-03-01,Cancelada,132020
996,20,17,55,2025-08-31,Cancelada,143667
997,32,17,55,2025-04-24,Pendiente,131222
998,42,17,55,2025-05-12,,140934
999,12,17,55,2025-04-18,Pendiente,140735
1000,24,17,55,2024-12-19,Pagada,142843
1001,3,17,55,2025-06-15,Pendiente,142645
1002,30,17,55,2025-10-04,Pendiente,135649
1003,54,17,55,2025-05-11,Pendiente,146725
1004,4,17,55,2024-12-16,Pagada,131404
1005,6,17,55,2025-02-27,Pendiente,145978
1006,49,17,56,2025-10-19,,135691
1007,36,17,56,2025-06-18,Confirmada,140920
1008,53,17,56,2025-02-23,,141953
1009,35,17,56,2024-12-25,Cancelada,147002
1010,57,17,56,2025-03-24,Pagada,143842
1011,20,17,56,2025-06-19,Confirmada,141172
1012,58,17,56,2025-08-06,Confirmada,144688
1013,37,17,56,2025-09-15,,146962
1014,44,17,56,2025-02-16,,133067
1015,8,17,56,2025-06-10,Cancelada,133900
1016,11,17,56,2025-03-02,Pagada,134551
1017,9,17,56,2025-05-08,Confirmada,142109
1018,6,17,56,2025-09-09,Cancelada,134852
1019,53,17,56,2025-05-08,Pagada,147734
1020,17,17,56,2025-05-17,Pendiente,130431
1021,6,17,56,2025-05-01,Cancelada,146466
1022,26,17,56,2025-07-25,,138922
1023,55,17,56,2025-05-29,Pendiente,145265
1024,59,18,57,2025-02-16,Confirmada,83565
1025,34,18,57,2025-04-25,Cancelada,67999
1026,27,18,57,2025-09-04,Pagada,69168
1027,37,18,57,2024-10-29,,83405
1028,49,18,57,2025-03-15,Confirmada,67773
1029,37,18,57,2025-02-28,Confirmada,73686
1030,56,18,57,2025-07-11,,75579
1031,57,18,57,2024-12-04,Cancelada,72967
1032,25,18,57,2025-04-02,Cancelada,83056
1033,39,18,57,2025-06-06,Cancelada,65539
1034,12,18,57,2025-02-19,Pendiente,77516
1035,10,18,57,2025-08-28,,84256
1036,44,18,57,2025-10-07,Cancelada,65582
1037,26,18,57,2025-07-31,Pendiente,72096
1038,4,18,57,2025-09-26,Cancelada,73112
1039,58,18,57,2025-07-17,Pendiente,64974
1040,22,18,57,2025-06-24,Pendiente,74501
1041,18,18,57,2024-11-02,Cancelada,67530
1042,56,18,57,2025-06-11,Pagada,68715
1043,48,19,58,2025-04-25,Cancelada,75867
1044,18,19,58,2025-02-03,Cancelada,85176
1045,42,19,58,2025-07-04,Confirmada,71511
1046,29,19,58,2025-08-23,Pagada,78695
1047,48,19,58,2025-08-20,Cancelada,82277
1048,56,19,58,2025-06-04,Pendiente,67194
1049,33,19,58,2025-06-04,Pagada,67503
1050,20,19,58,2025-01-19,,78571
1051,9,19,58,2025-07-30,,83987
1052,2,19,58,2024-11-11,Pagada,71669
1053,57,19,58,2025-06-06,Pagada,67241
1054,16,19,58,2025-04-27,Confirmada,80309
1055,4,19,58,2024-12-28,Pendiente,71877
1056,18,19,58,2025-05-14,Pendiente,80564
1057,26,19,59,2025-06-24,Confirmada,66354
1058,16,19,59,2025-07-30,Pendiente,81369
1059,39,19,59,2025-06-20,Cancelada,71172
1060,56,19,59,2025-08-19,Cancelada,84583
1061,36,19,59,2025-09-14,Pendiente,76633
1062,11,19,59,2025-03-19,Pendiente,68314
1063,19,19,59,2024-12-19,Confirmada,78019
1064,4,19,59,2025-09-07,Pagada,84104
1065,50,19,59,2025-07-14,Pagada,72606
1066,42,19,59,2025-01-25,Pagada,72127
1067,18,19,59,2024-11-04,Cancelada,82172
1068,2,19,59,2025-06-02,Confirmada,80888
1069,59,19,59,2025-07-22,Pagada,71028
1070,39,19,59,2024-12-04,Confirmada,72685
1071,17,19,59,2025-01-05,,75362
1072,46,19,59,2024-10-30,Pendiente,79240
1073,58,19,59,2025-04-12,Cancelada,76779
1074,30,19,59,2025-02-21,Pendiente,72503
1075,30,19,59,2025-04-03,Pendiente,82413
1076,53,19,59,2024-12-20,,78366
1077,38,19,59,2025-04-01,Confirmada,65593
1078,43,19,60,2025-07-18,Pendiente,83750
1079,42,19,60,2025-01-10,,85310
1080,19,19,60,2025-03-31,Pendiente,68895
1081,31,19,60,2025-05-05,Confirmada,76372
1082,18,19,60,2025-08-19,Pendiente,74425
1083,17,19,60,2025-06-17,Pendiente,71525
1084,10,19,60,2025-10-15,,73227
1085,58,19,60,2025-04-24,Confirmada,85014
1086,26,19,60,2025-09-26,Pendiente,69938
1087,47,19,60,2025-09-17,Confirmada,81650
1088,19,19,60,2025-08-04,Pendiente,79068
1089,26,19,60,2025-08-01,Cancelada,66510
1090,38,19,60,2024-11-16,,71576
1091,22,19,60,2025-07-24,Pagada,82871
1092,41,19,60,2024-12-15,Cancelada,77100
1093,33,19,60,2025-05-12,Pendiente,70923
1094,54,19,60,2025-01-11,,71288
1095,19,19,60,2025-05-28,Confirmada,80779
1096,9,19,60,2025-02-26,Pendiente,83671
1097,49,19,60,2025-07-07,Pagada,76351
1098,42,19,60,2025-04-26,Confirmada,72635
1099,15,20,61,2025-05-15,Pendiente,143943
1100,51,20,61,2025-03-18,Pendiente,142344
1101,17,20,61,2025-02-21,,139800
1102,30,20,61,2024-12-29,Confirmada,145583
1103,4,20,61,2025-04-19,,149180
1104,40,20,61,2025-10-12,Confirmada,145638
1105,57,20,61,2025-05-18,Pagada,146564
1106,8,20,61,2025-03-04,Cancelada,147526
1107,20,20,61,2025-05-23,Cancelada,131936
1108,56,20,61,2025-03-09,Pagada,134666
1109,13,20,61,2025-07-12,Pendiente,143573
1110,37,20,61,2025-08-18,Cancelada,134858
1111,21,20,61,2025-09-24,Pagada,132813
1112,32,20,61,2025-07-29,Pendiente,135959
1113,21,20,61,2025-07-14,Confirmada,130319
1114,29,20,61,2025-06-29,Pendiente,137026
1115,50,21,62,2025-08-31,Pagada,128225
1116,49,21,62,2025-07-19,Pagada,125384
1117,51,21,62,2025-02-02,Confirmada,113582
1118,40,21,62,2025-06-16,Cancelada,123412
1119,26,21,62,2025-04-29,Cancelada,124985
1120,25,21,62,2025-01-05,Confirmada,110578
1121,35,21,62,2025-01-26,Pagada,121567
1122,1,21,62,2025-02-08,Pendiente,126742
1123,13,21,62,2025-05-27,Confirmada,109477
1124,41,21,62,2025-02-15,Pagada,116756
1125,45,21,62,2025-01-18,Pendiente,119568
1126,9,21,62,2025-10-23,Confirmada,121910
1127,33,21,62,2025-02-15,,119372
1128,11,21,62,2025-08-18,Confirmada,110840
1129,20,21,62,2025-02-12,Pendiente,124281
1130,47,21,62,2025-07-23,,128883
1131,34,21,62,2025-01-11,Pendiente,123552
1132,57,21,62,2025-07-18,Pagada,120572
1133,58,21,62,2025-07-23,Cancelada,121113
1134,49,21,62,2025-04-30,Pagada,114744
1135,59,21,62,2025-02-23,Cancelada,109968
1136,15,21,62,2025-04-27,Pagada,113641
1137,14,21,62,2025-03-07,Confirmada,128665
1138,33,21,62,2025-05-28,Pagada,113377
1139,24,21,62,2025-10-20,Confirmada,121636
1140,57,21,62,2025-10-20,Pendiente,126864
1141,40,21,62,2025-08-27,Confirmada,128803
1142,4,21,62,2025-07-30,Confirmada,109988
1143,4,21,62,2025-02-06,Confirmada,122998
1144,25,22,63,2025-02-11,Confirmada,178368
1145,17,22,63,2024-12-09,Cancelada,165452
1146,14,22,63,2025-06-02,Confirmada,170301
1147,27,22,63,2025-07-12,Confirmada,177484
1148,18,22,63,2025-05-21,,180280
1149,45,22,63,2025-03-19,Pagada,174159
1150,54,22,63,2025-10-05,Confirmada,177198
1151,47,22,63,2025-03-25,,164292
1152,19,22,63,2025-09-05,Confirmada,163917
1153,32,22,63,2025-03-06,Pagada,180390
1154,13,22,63,2025-08-19,Pendiente,177577
1155,13,22,63,2025-08-31,Pendiente,173861
1156,19,22,63,2024-12-18,Pagada,161726
1157,36,22,63,2025-02-12,Cancelada,167240
1158,45,22,63,2024-11-08,Cancelada,171268
1159,16,22,63,2025-02-11,Confirmada,160852
1160,43,22,63,2025-07-27,Confirmada,164053
1161,54,22,63,2024-11-22,,176625
1162,10,22,63,2025-03-06,Confirmada,177202
1163,47,22,64,2025-10-16,Confirmada,168820
1164,42,22,64,2025-04-12,Pagada,175401
1165,19,22,64,2025-07-04,Pendiente,175648
1166,4,22,64,2025-01-30,Confirmada,166159
1167,56,22,64,2025-08-09,Confirmada,169956
1168,24,22,64,2025-04-27,Pendiente,174394
1169,48,22,64,2025-01-14,Confirmada,163547
1170,57,22,65,2025-01-09,Confirmada,160751
1171,55,22,65,2025-09-09,Pagada,166022
1172,22,22,65,2025-05-20,Pendiente,174778
1173,40,22,65,2025-02-05,Pendiente,163480
1174,24,22,65,2025-10-20,Pendiente,166427
1175,8,22,65,2025-05-29,Cancelada,173550
1176,30,22,65,2025-07-20,Pendiente,173074
1177,45,22,65,2025-02-05,Cancelada,174254
1178,42,22,65,2024-12-15,Pagada,164139
1179,9,22,65,2024-12-04,Confirmada,165658
1180,7,22,65,2025-06-19,Cancelada,179792
1181,31,22,65,2025-08-06,,174792
1182,12,22,65,2025-06-07,,172878
1183,50,22,65,2025-01-23,Pendiente,161379
1184,56,22,65,2025-01-25,Pagada,176264
1185,59,22,65,2024-11-11,Cancelada,164135
1186,57,22,65,2025-07-10,Cancelada,174875
1187,3,22,65,2025-10-09,Confirmada,169007
1188,42,22,65,2025-05-17,Pendiente,160840
1189,46,22,65,2025-01-18,,179330
1190,47,22,65,2025-06-27,,167774
1191,43,22,65,2025-01-21,Pendiente,177444
1192,34,22,65,2024-11-12,,163555
1193,28,22,65,2024-11-30,Pagada,176226
1194,23,22,65,2025-04-01,Cancelada,165306
1195,54,22,65,2025-02-28,,162223
1196,1,22,65,2025-07-28,Pagada,177001
1197,55,22,65,2025-04-24,Cancelada,176682
1198,56,22,65,2024-12-01,Pagada,162888
1199,32,22,66,2025-07-14,Pendiente,168328
1200,22,22,66,2025-08-18,Pendiente,162084
1201,33,22,66,2024-12-15,Pagada,178473
1202,42,22,66,2024-10-25,Cancelada,173649
1203,53,22,66,2025-05-24,Pagada,163018
1204,30,22,66,2025-10-18,Cancelada,179212
1205,29,22,66,2024-12-23,Confirmada,176768
1206,29,22,66,2025-03-30,Pendiente,164324
1207,32,22,66,2025-07-03,Confirmada,163798
1208,26,22,66,2025-10-21,Cancelada,161609
1209,36,22,66,2025-09-30,,160440
1210,53,22,66,2025-09-29,Confirmada,180233
1211,40,22,66,2025-04-25,Pendiente,177092
1212,36,22,66,2025-04-26,Pagada,175384
1213,22,22,66,2025-07-02,Pendiente,162213
1214,53,22,66,2025-01-08,Pagada,175326
1215,22,22,66,2025-08-12,,180094
1216,31,22,66,2025-02-11,Pendiente,175263
1217,8,22,66,2025-02-24,Confirmada,167701
1218,1,22,66,2025-02-10,Pendiente,172072
1219,54,22,66,2025-06-30,Pendiente,178381
1220,34,22,66,2024-11-14,Pendiente,163918
1221,3,22,66,2025-10-10,Pagada,176570
1222,9,22,66,2025-08-17,Cancelada,163939
1223,17,22,66,2024-11-26,,166854
1224,13,22,66,2025-07-03,Confirmada,173309
1225,14,22,66,2025-06-02,Cancelada,166679
1226,46,22,66,2025-01-21,Pendiente,163966
1227,49,22,66,2025-05-18,Cancelada,161958
1228,54,22,67,2025-08-05,,164472
1229,50,22,67,2025-07-30,Cancelada,175422
1230,43,22,67,2025-09-18,,176956
1231,9,22,67,2025-10-21,Cancelada,160577
1232,34,22,67,2024-11-06,Confirmada,178563
1233,60,22,67,2025-10-12,Cancelada,179608
1234,31,22,67,2025-10-15,,166241
1235,45,22,67,2024-12-29,,166125
1236,47,22,67,2025-04-03,Pagada,163828
1237,25,22,67,2025-09-30,,180297
1238,57,22,67,2025-09-13,Pendiente,176953
1239,57,22,67,2024-12-30,Cancelada,174153
1240,39,22,67,2025-10-20,Pagada,169400
1241,26,22,67,2025-10-15,Pendiente,170074
1242,29,22,67,2024-11-06,Pagada,164962
1243,27,22,67,2025-09-12,,177221
1244,20,22,67,2025-03-26,,170721
1245,46,22,67,2025-08-25,,167556
1246,13,22,67,2025-05-03,Pagada,169956
1247,44,22,67,2025-01-03,Pendiente,164782
1248,46,22,67,2025-10-21,Pagada,176946
1249,35,22,67,2025-08-09,Pendiente,164216
1250,49,22,67,2025-09-26,Pendiente,178859
1251,31,22,67,2025-10-17,,179133
1252,43,22,67,2025-02-12,Cancelada,177929
1253,57,23,68,2025-09-28,Cancelada,73140
1254,34,23,68,2024-11-06,Confirmada,73550
1255,25,23,68,2024-10-26,Pagada,74460
1256,43,23,68,2025-02-15,Confirmada,79272
1257,18,23,68,2025-05-31,Pagada,82113
1258,44,23,68,2025-06-14,Pendiente,77520
1259,54,23,68,2024-12-03,Confirmada,82393
1260,14,23,68,2025-10-18,,73780
1261,23,23,68,2025-03-02,Cancelada,76080
1262,40,23,68,2025-02-10,,80072
1263,48,23,68,2025-04-17,,85465
1264,16,23,68,2025-06-29,,82147
1265,45,23,68,2025-05-21,Confirmada,85225
1266,25,23,68,2025-05-14,Cancelada,82967
1267,4,23,69,2025-05-02,Confirmada,80957
1268,13,23,69,2025-10-03,,87240
1269,54,23,69,2025-10-22,Pagada,84772
1270,49,23,69,2024-12-14,,90633
1271,48,23,69,2025-09-18,,79159
1272,50,23,69,2025-05-06,Pagada,82361
1273,29,23,69,2025-04-22,Pagada,75162
1274,12,23,69,2025-02-05,Pagada,89559
1275,8,23,69,2025-01-05,Cancelada,74053
1276,28,23,69,2025-09-02,Pendiente,90960
1277,17,23,69,2024-12-05,Pagada,77995
1278,38,23,69,2025-02-28,Pendiente,72906
1279,22,23,69,2024-12-25,Cancelada,77794
1280,3,23,69,2025-08-02,Pagada,83293
1281,39,23,69,2025-04-19,Confirmada,82590
1282,32,23,69,2025-07-01,,90749
1283,23,23,69,2025-01-30,Confirmada,83137
1284,34,23,69,2025-07-29,Pagada,78747
1285,34,23,69,2025-01-03,Confirmada,89274
1286,11,23,69,2024-10-28,Cancelada,90517
1287,35,23,69,2025-08-05,Cancelada,75734
1288,23,23,69,2025-03-02,Pagada,79713
1289,22,24,70,2025-08-26,Pendiente,72478
1290,19,24,70,2025-02-14,Pagada,78039
1291,31,24,70,2025-05-31,,60944
1292,8,24,70,2025-07-11,Pendiente,75259
1293,16,24,70,2025-08-13,,68645
1294,3,24,70,2025-01-06,Pendiente,73152
1295,59,24,70,2024-12-30,Confirmada,73300
1296,17,24,70,2025-06-17,,69923
1297,2,24,70,2025-09-20,,72942
1298,33,24,70,2025-06-28,,75256
1299,32,24,70,2025-10-06,Confirmada,70369
1300,58,24,70,2025-03-29,Pagada,71152
1301,33,24,70,2025-09-09,Confirmada,63800
1302,11,24,70,2025-04-07,,78128
1303,1,24,70,2025-05-11,Confirmada,67562
1304,43,24,70,2025-02-27,Pagada,74556
1305,54,24,70,2024-11-25,Confirmada,67392
1306,35,24,70,2025-03-27,Cancelada,63019
1307,48,24,70,2025-07-09,Pagada,61434
1308,30,24,70,2024-11-29,Pendiente,61897
1309,6,24,70,2025-01-02,Confirmada,62434
1310,12,24,70,2024-12-16,Pendiente,78943
1311,5,24,70,2025-04-26,,68115
1312,59,24,70,2025-02-25,Pendiente,74013
1313,25,24,70,2025-10-21,Cancelada,73908
1314,28,24,70,2025-01-27,Pendiente,61209
1315,44,24,71,2024-10-25,Confirmada,78181
1316,1,24,71,2025-02-01,,62728
1317,49,24,71,2025-03-20,,62147
1318,45,24,71,2025-01-22,Confirmada,72377
1319,60,24,71,2025-04-14,,64133
1320,19,24,71,2025-08-11,Pendiente,80531
1321,6,24,71,2025-02-03,Pendiente,74997
1322,25,24,71,2025-02-28,Cancelada,61665
1323,31,24,71,2025-02-17,Pagada,78136
1324,15,24,71,2025-06-06,Pagada,73468
1325,51,24,71,2025-07-30,,70321
1326,41,24,71,2025-06-02,Pagada,70422
1327,44,24,71,2024-10-27,Pendiente,61021
1328,36,24,71,2025-02-01,,65288
1329,8,24,71,2025-07-03,Confirmada,60820
1330,37,24,71,2025-03-11,,73569
1331,35,24,71,2025-07-19,,63445
1332,14,24,72,2025-01-22,Pendiente,67594
1333,27,24,72,2024-11-16,,65323
1334,11,24,72,2025-07-09,Pagada,67890
1335,40,24,72,2024-12-07,Pendiente,67023
1336,8,24,72,2025-04-21,Pagada,79245
1337,55,24,72,2025-02-19,Confirmada,78640
1338,30,24,72,2024-12-24,,63052
1339,19,24,72,2025-03-29,Confirmada,68870
1340,7,24,72,2025-07-16,Pagada,79680
1341,32,24,72,2025-05-06,Pendiente,72358
1342,9,24,72,2025-10-16,Pagada,63934
1343,19,24,72,2025-10-05,,62943
1344,58,24,72,2025-10-02,Pagada,71069
1345,32,24,72,2025-07-23,Cancelada,71415
1346,43,24,73,2025-08-17,Pendiente,79798
1347,10,24,73,2025-02-20,,79230
1348,24,24,73,2025-07-18,Pendiente,74690
1349,11,24,73,2024-12-07,Confirmada,70919
1350,16,24,73,2025-06-28,Pagada,74946
1351,18,24,73,2025-10-13,Pendiente,65056
1352,44,24,73,2025-10-23,Pendiente,76383
1353,30,24,73,2025-02-14,Cancelada,72411
1354,50,24,73,2025-03-14,Pendiente,76613
1355,36,24,73,2025-06-18,Confirmada,66415
1356,42,24,73,2025-01-16,,63342
1357,54,24,73,2025-01-16,Pendiente,65243
1358,58,24,73,2024-12-13,,67092
1359,17,24,73,2025-04-26,Confirmada,63126
1360,58,24,73,2024-12-21,Confirmada,77275
1361,41,24,73,2025-04-17,Confirmada,79723
1362,38,24,73,2025-08-09,Cancelada,79990
1363,14,24,73,2025-06-15,Confirmada,78730
1364,17,24,73,2025-03-17,,78340
1365,31,24,73,2025-04-02,Pagada,72643
1366,26,24,73,2025-07-22,Pagada,79976
1367,47,24,73,2025-05-24,Pendiente,65043
1368,30,24,73,2025-10-12,,77381
1369,6,24,73,2025-04-23,Cancelada,72579
1370,1,24,74,2025-08-13,Pagada,66090
1371,49,24,74,2025-05-19,,65255
1372,29,24,74,2025-08-30,Pagada,66526
1373,37,24,74,2025-07-07,,65446
1374,48,24,74,2025-09-08,Cancelada,72413
1375,3,24,74,2025-01-15,Pagada,76635
1376,15,24,74,2025-08-14,Confirmada,69318
1377,24,24,74,2025-01-27,Pagada,62058
1378,43,24,74,2025-07-14,Pagada,77626
1379,59,24,74,2025-08-12,Pendiente,73373
1380,31,24,74,2025-06-11,Cancelada,62177
1381,3,24,74,2025-09-27,Pendiente,64038
1382,46,24,74,2025-08-24,,69617
1383,54,24,74,2024-11-23,Pendiente,79616
1384,35,24,74,2025-05-15,,66352
1385,25,24,74,2025-04-14,Cancelada,72626
1386,38,24,74,2025-05-16,Confirmada,77586
1387,17,24,74,2025-07-23,Cancelada,67959
1388,34,24,74,2025-03-12,Cancelada,72219
1389,53,24,74,2024-11-22,Pendiente,76609
1390,51,24,74,2025-10-14,Cancelada,80454
1391,33,25,75,2025-05-30,Pagada,131268
1392,11,25,75,2024-12-05,Pagada,119380
1393,33,25,75,2024-11-15,Pendiente,123784
1394,10,25,75,2025-09-09,Pagada,122010
1395,24,25,75,2025-05-23,,120731
1396,15,25,76,2025-10-08,Cancelada,127674
1397,47,25,76,2025-05-07,Confirmada,132632
1398,44,25,76,2025-01-09,Cancelada,132550
1399,14,25,76,2025-06-02,,122137
1400,42,25,76,2025-05-19,Cancelada,117589
1401,16,25,76,2024-12-20,Confirmada,121044
1402,37,25,76,2024-12-25,,122133
1403,9,25,76,2025-02-27,,118138
1404,58,25,76,2025-09-19,,121666
1405,4,25,76,2025-05-13,Pagada,125316
1406,60,25,76,2025-04-12,Pagada,133783
1407,26,25,76,2024-12-07,,135322
1408,41,25,76,2025-07-14,Confirmada,126142
1409,6,25,76,2025-01-10,Pagada,131573
1410,39,25,76,2025-07-28,Cancelada,132637
1411,11,25,76,2025-06-06,Pagada,130314
1412,39,25,76,2025-04-30,Pagada,135946
1413,53,25,76,2024-11-27,Pagada,133592
1414,17,25,76,2025-10-07,Pagada,128082
1415,60,25,76,2025-05-09,Cancelada,136401
1416,38,25,76,2025-04-14,Confirmada,124384
1417,25,25,76,2025-09-02,Cancelada,121186
1418,7,25,76,2024-11-13,Confirmada,123484
1419,34,25,76,2025-04-17,,130609
1420,53,25,76,2024-12-13,Pagada,136695
1421,7,25,76,2025-05-10,Pagada,132447
1422,39,25,77,2025-04-02,Confirmada,134267
1423,33,25,77,2025-04-18,Confirmada,119907
1424,31,25,77,2025-05-30,Pagada,136628
1425,35,25,77,2024-11-14,Confirmada,130993
1426,34,25,77,2025-05-28,Cancelada,128990
1427,56,25,77,2025-04-20,Confirmada,134215
1428,28,25,77,2025-07-11,Pagada,132652
1429,51,25,77,2025-09-01,Cancelada,128339
1430,38,25,77,2025-02-19,,120055
1431,28,25,77,2025-07-30,Pagada,125194
1432,31,25,77,2024-10-31,Pagada,119600
1433,19,25,77,2025-03-25,,134670
1434,27,25,77,2025-01-29,Pendiente,123047
1435,1,25,77,2025-09-05,Confirmada,135793
1436,34,25,77,2024-10-24,Confirmada,133885
1437,1,25,77,2025-08-08,Cancelada,123585
1438,45,25,77,2025-01-15,Pendiente,130251
1439,24,25,77,2025-06-04,Confirmada,121925
1440,28,25,77,2024-11-20,,125165
1441,17,25,77,2024-11-09,,130733
1442,37,25,77,2025-04-05,Pendiente,125883
1443,44,25,77,2025-03-05,Cancelada,123528
1444,27,25,77,2025-07-22,,135124
1445,31,25,77,2024-11-16,Pagada,128985
1446,36,25,78,2025-05-21,Cancelada,125169
1447,20,25,78,2024-11-15,,128137
1448,50,25,78,2025-10-20,Cancelada,121378
1449,55,25,78,2025-10-05,Confirmada,124383
1450,29,25,78,2024-11-18,Pagada,120139
1451,14,25,78,2025-10-20,,129979
1452,51,25,78,2025-04-24,Pendiente,134895
1453,40,25,78,2024-11-04,Confirmada,122121
1454,25,25,78,2025-02-11,Confirmada,119838
1455,53,25,78,2025-03-30,Pagada,132309
1456,60,25,78,2024-12-31,,131120
1457,6,25,78,2025-08-17,Confirmada,125474
1458,15,25,78,2024-12-14,Pendiente,119476
1459,39,25,78,2025-08-16,Confirmada,129447
1460,60,25,78,2025-06-29,Cancelada,133926
1461,19,25,78,2025-08-02,,118736
1462,50,25,78,2025-06-30,Pagada,133053
1463,29,25,78,2025-04-04,Confirmada,123463
1464,55,25,78,2025-03-17,,126225
1465,13,25,78,2025-10-04,Confirmada,136498
1466,33,25,78,2025-03-20,,124445
1467,40,25,78,2025-04-15,Pagada,118035
1468,16,25,79,2025-09-25,Confirmada,122013
1469,6,25,79,2025-10-14,Pendiente,129942
1470,23,25,79,2025-10-10,Cancelada,130139
1471,38,25,79,2025-03-18,Pagada,133819
1472,1,25,79,2025-03-17,Confirmada,119808
1473,36,25,79,2024-11-23,Pendiente,135175
1474,59,25,79,2025-07-15,,128260
1475,23,25,79,2025-07-07,Pendiente,124269
1476,39,25,79,2025-09-27,Pagada,131755
1477,60,25,79,2025-05-20,Cancelada,135692
1478,1,25,79,2024-12-13,Pendiente,122589
1479,27,25,79,2025-07-03,,120342
1480,36,25,79,2025-09-22,Confirmada,133341
1481,19,25,79,2025-03-07,Pendiente,120688
1482,52,25,79,2024-12-08,,125298
1483,57,25,79,2024-12-31,,135692
1484,45,26,80,2025-05-19,Cancelada,147156
1485,37,26,80,2025-03-24,Cancelada,142771
1486,49,26,80,2025-05-16,Pendiente,149835
1487,44,26,80,2024-12-11,Cancelada,154029
1488,56,26,80,2025-08-01,Confirmada,150593
1489,8,26,80,2025-01-17,Pendiente,137013
1490,25,26,80,2025-09-12,Pagada,142334
1491,52,26,80,2024-10-24,Pendiente,148314
1492,23,26,80,2025-08-12,,152352
1493,1,26,80,2024-10-31,Pendiente,142934
1494,19,26,80,2025-02-15,Confirmada,147872
1495,44,26,80,2025-04-20,Pendiente,137291
1496,36,26,80,2025-07-11,Pagada,150415
1497,23,26,81,2025-07-29,Pagada,153599
1498,18,26,81,2025-05-22,Pagada,141031
1499,32,26,81,2025-04-05,Pagada,142495
1500,48,26,81,2025-05-17,Pagada,143496
1501,14,26,81,2025-03-19,Pagada,141444
1502,54,26,81,2025-09-07,Pagada,146466
1503,10,26,81,2025-01-20,Confirmada,138728
1504,59,26,81,2025-01-27,Confirmada,150943
1505,40,26,81,2025-04-19,Confirmada,152543
1506,3,26,81,2025-03-06,Cancelada,146963
1507,40,26,81,2024-12-22,Pendiente,150933
1508,58,26,81,2025-02-07,,143802
1509,32,26,81,2025-01-04,Pagada,151548
1510,18,26,81,2025-10-22,Cancelada,142077
1511,49,26,81,2025-09-27,,139002
1512,34,26,82,2025-07-31,Cancelada,150473
1513,35,26,82,2025-08-16,Confirmada,151265
1514,23,26,82,2024-12-05,Cancelada,140527
1515,30,26,82,2024-11-04,Confirmada,151780
1516,30,26,82,2025-09-02,Pendiente,135075
1517,1,26,82,2025-07-06,Pagada,147233
1518,7,26,83,2025-04-03,Pendiente,146648
1519,40,26,83,2025-06-18,Pendiente,140932
1520,36,26,83,2025-08-16,Pendiente,142570
1521,18,26,83,2025-10-21,Cancelada,146042
1522,24,26,83,2025-10-01,Pagada,151143
1523,28,26,83,2025-10-03,Pagada,148532
1524,45,26,83,2024-10-29,Pendiente,146762
1525,55,26,83,2025-01-24,Cancelada,143962
1526,29,26,83,2025-01-11,Pagada,153523
1527,9,26,83,2024-11-18,,142289
1528,53,26,83,2024-12-01,Confirmada,143645
1529,52,26,83,2025-06-10,Pagada,152997
1530,28,26,83,2024-11-05,Cancelada,141224
1531,10,26,83,2025-04-14,Pagada,150298
1532,52,26,83,2025-06-12,Confirmada,140587
1533,27,26,83,2025-07-10,Cancelada,139206
1534,58,26,83,2025-07-23,,152297
1535,47,26,83,2025-09-26,Pendiente,150745
1536,20,26,83,2024-11-10,Pendiente,153220
1537,55,26,83,2025-01-26,,136363
1538,26,26,83,2025-08-06,Confirmada,140152
1539,4,26,83,2024-11-09,Pagada,143132
1540,31,26,83,2025-03-28,Confirmada,149540
1541,22,26,84,2025-04-11,Pendiente,146628
1542,24,26,84,2025-01-22,,153067
1543,60,26,84,2025-05-20,Pendiente,146076
1544,2,26,84,2025-01-15,Cancelada,138772
1545,23,26,84,2025-08-11,,141319
1546,37,26,84,2025-09-23,,152443
1547,12,26,84,2025-08-20,Pendiente,146436
1548,21,26,84,2024-11-13,,150774
1549,50,26,84,2024-12-16,Cancelada,137369
1550,25,26,84,2025-05-06,,144188
1551,30,26,84,2025-02-12,Pagada,140291
1552,41,26,84,2025-01-21,Pendiente,148622
1553,41,26,84,2025-09-04,,153531
1554,26,26,84,2025-10-13,Confirmada,137392
1555,11,26,84,2025-08-03,Pendiente,142278
1556,21,26,84,2025-06-03,Pendiente,144347
1557,46,26,84,2025-02-23,Pendiente,154637
1558,42,26,84,2025-06-04,Cancelada,143688
1559,57,26,84,2025-06-12,Cancelada,146700
1560,48,26,84,2025-08-19,,151870
1561,29,26,84,2025-07-11,Cancelada,140282
1562,12,26,84,2025-09-05,Confirmada,138897
1563,47,26,84,2025-02-24,Pagada,143045
1564,48,26,84,2025-01-23,Confirmada,141700
1565,11,26,84,2025-02-17,Cancelada,138175
1566,7,26,84,2025-09-28,Confirmada,150305
1567,36,26,84,2024-12-17,Confirmada,135663
1568,50,26,84,2025-07-06,Cancelada,151969
1569,6,27,85,2025-05-13,Confirmada,99007
1570,40,27,85,2025-01-16,Pagada,93169
1571,42,27,85,2025-04-01,Cancelada,100544
1572,15,27,85,2025-02-16,Pagada,99718
1573,29,27,85,2025-02-06,Pagada,94708
1574,34,27,85,2024-11-15,Pagada,91343
1575,3,27,85,2025-05-27,Pendiente,101063
1576,56,27,85,2025-06-09,Cancelada,105715
1577,56,27,85,2025-09-29,,99333
1578,36,27,85,2025-08-04,Cancelada,94834
1579,45,27,85,2025-10-12,,96208
1580,38,27,85,2024-12-30,,105367
1581,41,27,85,2025-06-23,,104660
1582,34,27,85,2025-07-13,,100553
1583,59,27,85,2025-04-06,Pendiente,106189
1584,35,27,85,2025-05-26,Pagada,93341
1585,29,27,85,2025-05-03,Pendiente,102392
1586,27,27,85,2024-11-10,Pendiente,95509
1587,20,27,85,2025-03-05,Confirmada,90410
1588,34,27,85,2025-10-23,Pagada,101675
1589,19,27,85,2025-06-29,Cancelada,107941
1590,1,27,85,2025-07-10,Cancelada,106039
1591,20,27,85,2025-03-20,Confirmada,104511
1592,52,27,85,2025-08-24,Pendiente,109969
1593,15,27,85,2025-05-14,Confirmada,108370
1594,24,27,85,2025-02-23,Pagada,103898
1595,57,27,85,2025-07-20,,104730
1596,26,27,85,2025-04-02,Pagada,95757
1597,46,27,85,2025-03-30,Cancelada,102805
1598,17,27,86,2024-12-19,Confirmada,104242
1599,41,27,86,2025-02-16,Pagada,107335
1600,49,27,86,2025-03-18,,99315
1601,19,27,86,2025-01-02,,99215
1602,27,27,86,2025-08-11,Pagada,92650
1603,12,27,86,2025-05-19,Pagada,99896
1604,8,27,86,2025-04-24,Cancelada,105243
1605,18,27,86,2025-01-24,,106528
1606,13,27,86,2025-09-17,Pendiente,91042
1607,10,27,86,2025-01-18,Confirmada,107936
1608,2,27,86,2025-02-16,Pagada,93758
1609,19,27,86,2025-09-21,Pendiente,94504
1610,29,27,87,2025-07-24,Confirmada,98035
1611,6,27,87,2024-12-18,Pagada,90889
1612,32,27,87,2025-08-31,Pagada,101610
1613,27,27,87,2025-04-20,Pendiente,106738
1614,24,27,87,2025-10-13,Cancelada,91446
1615,22,27,87,2024-11-14,Confirmada,95194
1616,4,27,87,2025-05-29,Pendiente,103265
1617,5,27,87,2025-04-01,,105812
1618,12,27,87,2025-04-02,Pagada,98601
1619,53,27,87,2025-05-27,Cancelada,90820
1620,8,27,87,2025-05-16,Pagada,103016
1621,50,27,87,2024-12-14,Cancelada,98506
1622,48,27,87,2025-03-22,Confirmada,96933
1623,30,27,87,2025-01-25,Confirmada,107483
1624,43,27,87,2025-01-30,Pagada,105900
1625,25,27,87,2025-01-09,Pendiente,100993
1626,11,27,87,2025-02-28,Confirmada,108415
1627,34,27,87,2025-07-01,Confirmada,98707
1628,31,27,87,2024-11-22,Pendiente,96918
1629,24,27,87,2025-10-16,Confirmada,97543
1630,8,27,87,2025-04-15,Pagada,104633
1631,21,27,87,2025-09-16,Confirmada,95891
1632,51,27,87,2025-03-16,Pendiente,109566
1633,8,27,87,2024-11-27,Cancelada,98372
1634,1,27,87,2025-05-19,Confirmada,109447
1635,51,27,87,2025-07-31,Cancelada,109943
1636,10,27,87,2025-09-10,Pendiente,93339
1637,11,27,88,2025-01-04,Cancelada,93402
1638,44,27,88,2024-11-12,,101496
1639,60,27,88,2025-02-04,Confirmada,92365
1640,23,27,88,2025-03-18,Pagada,107982
1641,51,27,88,2025-07-11,Confirmada,94530
1642,32,27,88,2025-06-14,Pagada,100785
1643,36,27,88,2025-06-14,Pendiente,104782
1644,47,27,88,2024-11-07,Pagada,91106
1645,45,27,88,2025-09-27,Cancelada,102143
1646,47,27,88,2024-11-20,Pagada,98621
1647,58,27,88,2025-01-04,Confirmada,106309
1648,46,27,88,2025-08-31,Cancelada,108725
1649,35,28,89,2025-08-14,Cancelada,58230
1650,37,28,89,2025-06-08,Pagada,69825
1651,23,28,89,2025-07-31,Pendiente,67360
1652,18,28,89,2025-07-10,,70182
1653,11,28,89,2025-05-28,Confirmada,69416
1654,10,28,89,2025-01-15,Cancelada,61700
1655,53,28,89,2025-04-27,Pendiente,69759
1656,24,28,89,2025-01-12,Cancelada,52035
1657,50,28,89,2025-09-25,,64432
1658,47,28,89,2025-10-10,Pagada,52625
1659,40,28,89,2025-03-01,Pendiente,59836
1660,21,28,89,2025-02-17,Confirmada,69672
1661,53,28,89,2025-10-11,Cancelada,58233
1662,34,28,89,2024-10-28,Cancelada,70082
1663,40,28,90,2025-01-13,Pendiente,62582
1664,27,28,90,2025-10-21,Pendiente,55631
1665,7,28,90,2025-01-04,,54196
1666,3,28,90,2025-08-06,Pagada,57865
1667,56,28,90,2024-12-07,Confirmada,58633
1668,7,28,90,2025-08-09,Cancelada,58290
1669,7,28,90,2025-08-11,Confirmada,70722
1670,42,28,90,2025-04-26,Cancelada,68065
1671,34,28,90,2025-10-13,,71354
1672,4,28,91,2025-01-25,Pendiente,59244
1673,39,28,91,2025-07-20,Confirmada,52440
1674,60,28,91,2025-06-14,Pagada,68114
1675,60,28,91,2025-07-23,Confirmada,67349
1676,52,28,91,2025-01-10,Confirmada,63838
1677,36,28,91,2025-03-26,Cancelada,64105
1678,51,28,91,2025-10-13,Confirmada,60722
1679,34,28,91,2025-01-23,Confirmada,54318
1680,54,28,91,2025-05-25,Pendiente,54565
1681,14,28,91,2025-02-24,,55194
1682,7,28,91,2025-08-20,Pagada,69433
1683,25,28,91,2025-02-09,Pagada,58340
1684,34,28,91,2025-03-19,Pagada,70690
1685,12,28,92,2025-04-22,,70301
1686,27,28,92,2025-05-18,Confirmada,70904
1687,23,28,92,2025-07-01,Cancelada,66006
1688,57,28,92,2025-03-11,Confirmada,57478
1689,51,28,92,2025-02-19,Pagada,70033
1690,26,28,92,2025-02-01,,63071
1691,43,28,92,2025-03-11,Pagada,69506
1692,39,28,92,2025-05-10,Cancelada,63556
1693,58,28,92,2025-09-30,Pendiente,70037
1694,21,28,92,2025-05-04,Pendiente,65523
1695,49,28,92,2025-04-21,Cancelada,62610
1696,39,28,92,2024-11-30,Pagada,70465
1697,35,28,92,2025-08-30,Pagada,64302
1698,50,28,92,2025-07-30,,60337
1699,24,28,92,2025-04-23,Cancelada,66675
1700,26,28,92,2025-08-14,Confirmada,53147
1701,19,28,92,2025-09-14,,52546
1702,34,28,92,2025-02-24,Pagada,61902
1703,1,28,92,2025-10-13,Pendiente,59282
1704,14,28,92,2025-01-09,Pendiente,52723
1705,50,28,92,2025-03-15,Pendiente,70154
1706,33,28,92,2025-02-21,,70711
1707,60,28,92,2025-04-01,,57081
1708,7,28,92,2024-11-09,Confirmada,67097
1709,23,28,92,2025-05-29,Pagada,56547
1710,24,29,93,2025-09-23,,124048
1711,15,29,93,2025-01-16,Pendiente,125701
1712,6,29,93,2025-08-06,,128961
1713,37,29,93,2024-12-18,Pagada,118390
1714,47,29,93,2024-10-29,Pendiente,131672
1715,12,29,93,2025-02-01,Cancelada,134742
1716,53,29,93,2025-05-25,Confirmada,135365
1717,42,29,93,2025-10-21,Pendiente,117085
1718,47,29,93,2025-06-06,,128363
1719,6,29,93,2025-06-04,Confirmada,126818
1720,23,29,93,2025-07-29,Cancelada,129509
1721,60,29,93,2025-04-03,Confirmada,123290
1722,48,29,93,2025-02-14,,116235
1723,50,29,94,2024-12-21,Cancelada,117634
1724,20,29,94,2025-01-07,,117210
1725,21,29,94,2025-02-28,,134372
1726,10,29,94,2025-01-20,Pendiente,132323
1727,45,29,94,2025-03-19,Pagada,120880
1728,4,29,94,2025-06-01,Cancelada,130462
1729,49,29,94,2025-09-11,,134710
1730,33,29,94,2025-01-26,Confirmada,123138
1731,28,29,94,2025-05-04,Pendiente,128782
1732,10,29,94,2025-05-24,Pagada,126876
1733,6,29,94,2025-07-04,Cancelada,134585
1734,48,29,94,2025-07-15,Confirmada,133822
1735,26,29,94,2025-03-03,Pendiente,118648
1736,26,29,94,2025-01-30,,130098
1737,50,29,94,2025-08-15,Pagada,120280
1738,31,29,94,2025-09-07,,122352
1739,32,29,94,2025-04-30,Cancelada,134582
1740,13,29,94,2025-07-31,,133039
1741,16,29,94,2025-06-29,Pagada,118208
1742,18,29,94,2025-08-06,Cancelada,126458
1743,44,29,94,2025-05-01,,118796
1744,8,29,94,2025-04-19,Cancelada,129739
1745,24,29,94,2024-12-27,Pendiente,122102
1746,21,29,94,2025-08-03,Pendiente,135321
1747,42,29,94,2025-08-27,Confirmada,125849
1748,23,29,95,2025-03-08,,130351
1749,40,29,95,2024-12-27,Pagada,130294
1750,3,29,95,2024-12-16,Pagada,122404
1751,44,29,95,2025-07-29,Pendiente,120972
1752,49,29,95,2025-05-23,Confirmada,119543
1753,48,29,95,2025-04-30,Confirmada,123825
1754,40,29,95,2025-01-02,Pagada,125287
1755,1,29,95,2025-10-14,Pendiente,119507
1756,20,29,95,2025-10-03,Cancelada,131300
1757,2,29,95,2025-05-21,Pendiente,122709
1758,35,29,96,2025-06-29,Pagada,122539
1759,35,29,96,2024-11-14,,124336
1760,36,29,96,2025-05-14,Cancelada,120492
1761,45,29,96,2024-11-05,Confirmada,128201
1762,38,29,96,2025-09-13,,117285
1763,17,29,96,2025-09-16,Pagada,117830
1764,19,29,96,2024-11-20,Pagada,124750
1765,4,29,96,2025-09-05,Cancelada,116134
1766,5,29,96,2025-07-09,Cancelada,124751
1767,43,29,96,2024-11-10,Pendiente,119396
1768,2,29,96,2025-08-15,Pendiente,128526
1769,15,29,96,2024-10-25,Cancelada,132524
1770,46,29,96,2025-04-01,Confirmada,126197
1771,32,29,96,2024-12-15,,133279
1772,6,29,96,2025-09-15,Pagada,122377
1773,33,29,96,2025-06-24,Cancelada,134233
1774,60,29,96,2025-01-20,Confirmada,117163
1775,16,29,96,2024-11-18,,125852
1776,22,29,96,2025-07-24,Cancelada,128751
1777,48,29,96,2024-12-20,Pagada,116463
1778,23,29,96,2024-10-26,Pendiente,127506
1779,41,29,96,2025-01-15,Pendiente,123600
1780,33,29,96,2025-05-07,Pendiente,117892
1781,41,29,96,2025-04-18,Pendiente,128547
1782,57,29,96,2025-03-16,Confirmada,134045
1783,18,29,96,2024-11-15,Pagada,120832
1784,22,29,96,2025-06-19,Cancelada,120358
1785,6,29,96,2025-06-27,Cancelada,132923
1786,40,30,97,2025-07-08,Pagada,114699
1787,16,30,97,2025-10-20,,106029
1788,28,30,97,2025-06-19,Pendiente,120860
1789,22,30,97,2025-10-12,Cancelada,118791
1790,9,30,97,2025-04-28,Pagada,105564
1791,38,30,97,2025-07-06,,107653
1792,56,30,97,2025-04-30,Pagada,111149
1793,45,30,97,2024-10-29,,105455
1794,28,30,97,2024-10-25,Pagada,119532
1795,59,30,97,2025-05-17,Pagada,111427
1796,5,30,97,2025-05-25,,118488
1797,47,30,97,2025-03-31,Confirmada,107057
1798,21,30,97,2024-10-27,Pagada,101990
1799,49,30,97,2024-10-29,Pendiente,114591
1800,27,30,97,2025-05-16,Pendiente,115540
1801,48,30,97,2025-07-30,Pendiente,106003
1802,50,30,97,2025-02-06,Pagada,104522
1803,9,30,97,2025-05-19,Pagada,101882
1804,49,30,97,2025-02-11,,109768
1805,39,30,97,2024-10-29,,108590
1806,39,30,97,2025-05-06,Pagada,108590
1807,44,30,97,2025-09-03,Confirmada,112796
1808,6,30,97,2025-07-21,Cancelada,105417
1809,33,30,97,2025-07-11,,116384
1810,46,30,97,2025-04-08,Pendiente,107052
1811,55,30,97,2025-09-01,Cancelada,117127
1812,9,31,98,2025-10-22,Pagada,145979
1813,15,31,98,2025-10-11,Confirmada,153035
1814,49,31,98,2024-12-31,Confirmada,148489
1815,27,31,98,2024-12-03,Pagada,146293
1816,49,31,98,2025-10-14,Pagada,141814
1817,12,31,98,2024-11-29,Cancelada,155701
1818,45,31,98,2025-05-14,Pendiente,154639
1819,57,31,98,2024-12-19,Pagada,153657
1820,26,31,98,2025-01-24,Confirmada,159567
1821,48,31,98,2025-01-05,Cancelada,149900
1822,26,31,98,2025-06-20,,158388
1823,39,31,98,2025-05-15,,156857
1824,42,31,98,2025-01-29,Confirmada,156707
1825,7,31,98,2025-09-04,Cancelada,154618
1826,53,31,98,2025-03-09,Confirmada,147698
1827,34,31,98,2025-02-03,,152610
1828,48,31,98,2025-08-27,Confirmada,157921
1829,25,31,98,2025-03-26,,141262
1830,13,31,98,2024-11-22,Pendiente,154050
1831,26,31,98,2025-03-16,Pendiente,149015
1832,11,32,99,2025-03-29,Cancelada,168505
1833,40,32,99,2025-04-19,Confirmada,175798
1834,58,32,99,2025-05-30,Pagada,174048
1835,54,32,99,2025-01-25,Cancelada,161821
1836,47,32,99,2025-07-20,,162566
1837,12,32,99,2025-01-18,,176762
1838,9,32,99,2025-02-16,Cancelada,172409
1839,21,32,99,2025-07-15,Cancelada,159674
1840,12,32,99,2025-09-09,Cancelada,178201
1841,58,32,99,2025-09-17,Pagada,173757
1842,6,32,99,2024-11-23,Pendiente,169477
1843,45,32,99,2025-07-03,Pagada,162906
1844,6,32,99,2025-09-21,Confirmada,173583
1845,41,32,99,2025-07-02,Pendiente,161653
1846,34,32,99,2025-08-13,Cancelada,175624
1847,40,32,99,2024-11-04,Pagada,171266
1848,36,32,99,2024-11-28,Cancelada,160296
1849,50,32,99,2025-03-29,Pagada,169841
1850,37,32,99,2025-03-19,Pagada,164170
1851,12,32,100,2025-03-18,Confirmada,172606
1852,20,32,100,2025-05-25,Pendiente,173480
1853,19,32,100,2025-04-25,Pagada,162710
1854,58,32,100,2024-11-13,Pagada,165505
1855,1,32,100,2025-06-27,,167151
1856,1,32,100,2024-10-26,Cancelada,175164
1857,55,32,100,2025-07-22,Cancelada,176667
1858,52,32,100,2024-12-28,Confirmada,178780
1859,57,32,100,2024-11-24,Cancelada,166652
1860,38,33,101,2025-05-05,Cancelada,97506
1861,27,33,101,2025-09-16,Cancelada,85239
1862,39,33,101,2025-04-09,,82853
1863,16,33,101,2025-06-30,,91751
1864,40,33,101,2025-08-23,,89441
1865,4,33,101,2025-02-28,Pagada,87496
1866,4,33,101,2025-05-30,Pendiente,83841
1867,10,33,101,2025-09-21,Confirmada,101580
1868,54,33,101,2024-11-29,,92417
1869,22,33,101,2025-10-05,Confirmada,84244
1870,7,33,101,2025-05-16,Cancelada,88478
1871,44,33,102,2025-10-14,Pendiente,102133
1872,37,33,102,2024-11-08,,88451
1873,30,33,102,2025-01-20,,94440
1874,60,33,102,2025-01-13,Confirmada,85689
1875,50,33,102,2025-10-08,Pendiente,93216
1876,24,33,102,2025-09-25,Cancelada,84855
1877,49,33,102,2025-07-18,Cancelada,100675
1878,5,33,102,2025-10-02,Pendiente,98065
1879,9,33,102,2025-05-31,Confirmada,91630
1880,22,33,102,2025-04-25,,96196
1881,14,33,103,2025-02-05,Pagada,84544
1882,7,33,103,2024-11-10,,99970
1883,6,33,103,2025-10-16,Cancelada,102455
1884,60,33,103,2024-11-20,Pendiente,96631
1885,39,33,103,2025-07-15,Pendiente,91146
1886,34,33,103,2025-10-17,,94233
1887,60,33,103,2025-02-08,Pagada,101074
1888,32,33,103,2025-10-07,,98947
1889,32,33,103,2025-05-21,Pagada,102607
1890,15,33,103,2025-05-29,Pendiente,88980
1891,1,33,103,2025-07-05,Confirmada,83423
1892,30,33,103,2024-11-04,Confirmada,89431
1893,52,33,103,2024-12-31,,96224
1894,27,33,103,2025-10-18,Confirmada,93575
1895,23,33,103,2025-09-18,,89595
1896,1,33,103,2025-02-22,Pagada,91866
1897,17,33,103,2024-10-29,Confirmada,92723
1898,20,33,103,2025-01-11,,100660
1899,21,33,103,2025-06-07,Confirmada,86368
1900,44,33,103,2024-12-17,Pendiente,93823
1901,26,33,103,2025-08-11,,83592
1902,13,33,104,2025-09-06,Pendiente,93711
1903,60,33,104,2025-07-26,Cancelada,98186
1904,52,33,104,2025-09-06,Confirmada,87086
1905,31,33,104,2025-03-26,Pagada,97731
1906,58,33,104,2025-10-18,,93618
1907,30,33,104,2024-11-21,Cancelada,84473
1908,54,33,104,2025-02-16,,92446
1909,37,33,104,2024-12-25,Pendiente,100830
1910,35,33,104,2025-05-30,Confirmada,89462
1911,37,33,104,2025-01-24,Pendiente,94224
1912,10,34,105,2025-05-31,Pendiente,134153
1913,22,34,105,2025-09-12,Cancelada,150639
1914,54,34,105,2025-09-17,Pagada,151841
1915,39,34,105,2025-03-23,Cancelada,139272
1916,39,34,105,2025-07-12,Confirmada,143233
1917,46,34,105,2025-10-06,Pendiente,134168
1918,18,34,105,2025-05-20,Cancelada,135976
1919,57,34,106,2025-02-28,Pagada,145308
1920,29,34,106,2025-03-21,Pendiente,140214
1921,34,34,106,2025-08-12,Pendiente,138866
1922,8,34,106,2025-08-06,Pendiente,134357
1923,50,34,106,2024-12-16,Pagada,136166
1924,29,34,106,2025-08-25,,133949
1925,52,34,106,2025-07-17,Cancelada,149517
1926,10,34,106,2025-07-31,Pagada,144276
1927,60,34,106,2024-11-22,Cancelada,150290
1928,20,34,106,2025-05-05,Pendiente,137827
1929,50,34,106,2025-08-08,Confirmada,150045
1930,44,34,106,2025-03-06,Pagada,139855
1931,47,34,106,2024-11-12,Confirmada,148184
1932,25,34,106,2024-11-29,,136927
1933,1,34,106,2025-04-10,Pendiente,134574
1934,44,34,106,2025-01-21,,135985
1935,22,34,106,2025-09-13,Cancelada,134643
1936,7,34,106,2024-11-21,,143371
1937,2,34,106,2025-03-04,,143360
1938,41,34,106,2025-06-15,Pagada,143646
1939,13,34,107,2025-08-17,Pendiente,142197
1940,35,34,107,2025-06-18,Pendiente,147586
1941,43,34,107,2025-06-11,Confirmada,142066
1942,10,34,107,2025-03-26,Pagada,142098
1943,8,34,107,2025-08-19,Confirmada,151469
1944,33,34,107,2025-02-26,Confirmada,139901
1945,35,34,107,2024-11-03,Pendiente,151133
1946,21,34,107,2025-06-26,Pendiente,137770
1947,46,34,107,2025-02-06,Pendiente,151943
1948,16,34,107,2025-08-23,Pagada,135466
1949,20,34,107,2025-04-15,,144231
1950,29,34,108,2025-05-01,Confirmada,137394
1951,2,34,108,2025-01-19,Cancelada,134785
1952,7,34,108,2025-03-10,Cancelada,134894
1953,6,34,108,2025-05-25,Cancelada,145974
1954,12,34,108,2025-10-23,,152555
1955,41,34,108,2025-03-17,Cancelada,144785
1956,20,34,108,2025-04-08,Pendiente,139624
1957,46,34,108,2025-01-03,,135705
1958,60,34,108,2025-07-13,Cancelada,151737
1959,9,34,108,2025-06-07,Confirmada,148476
1960,7,34,108,2025-07-06,Cancelada,143302
1961,44,34,108,2025-03-19,Cancelada,148550
1962,15,34,108,2024-11-25,Pagada,137841
1963,56,34,108,2025-08-18,,141587
1964,59,34,108,2025-06-20,Pendiente,145979
1965,12,34,108,2025-02-14,Pendiente,143773
1966,30,34,108,2025-08-28,Cancelada,134123
1967,5,34,108,2025-01-26,Cancelada,136831
1968,23,34,108,2025-07-26,Cancelada,148245
1969,55,34,108,2024-11-20,Pagada,142381
1970,50,34,108,2024-11-23,Pendiente,152938
1971,37,34,108,2025-02-04,Pagada,149776
1972,26,35,109,2024-12-21,Confirmada,120664
1973,36,35,109,2025-03-19,Confirmada,119885
1974,35,35,109,2025-07-26,Cancelada,123119
1975,38,35,109,2025-08-23,Cancelada,117803
1976,40,35,109,2025-06-26,Pagada,127941
1977,11,35,109,2024-12-21,Cancelada,122562
1978,5,35,109,2025-08-06,Pendiente,116809
1979,53,35,109,2025-03-23,,124113
1980,28,35,110,2025-02-22,,121199
1981,35,35,110,2025-03-12,Pagada,115657
1982,43,35,110,2024-12-03,Confirmada,128801
1983,54,35,110,2024-11-27,Cancelada,113732
1984,38,35,110,2024-10-25,,125154
1985,21,35,110,2025-02-19,,113185
1986,53,35,110,2025-04-13,Cancelada,115758
1987,20,35,110,2025-03-11,Cancelada,112266
1988,39,35,110,2025-08-14,Confirmada,129529
1989,50,35,110,2025-02-04,Cancelada,120714
1990,32,35,110,2024-12-01,Confirmada,112952
1991,14,35,110,2024-12-13,Pagada,129016
1992,58,35,110,2024-11-25,Confirmada,114793
1993,43,35,110,2025-01-03,Pagada,124829
1994,35,35,110,2025-04-08,Pendiente,122764
1995,40,35,110,2025-04-15,,124638
1996,13,35,110,2025-05-27,Pagada,120360
1997,20,35,110,2025-05-26,,119965
1998,59,35,110,2025-05-10,Cancelada,121266
1999,6,35,110,2025-03-30,,110252
2000,40,35,110,2024-12-02,,123230
2001,55,35,110,2024-11-02,Pagada,119625
2002,4,35,110,2024-11-26,Pendiente,127971
2003,4,35,110,2025-03-09,Confirmada,128337
2004,53,35,110,2025-05-26,Pendiente,113580
2005,56,35,110,2024-11-28,Pendiente,111007
2006,16,35,110,2025-06-11,Cancelada,129324
2007,26,35,110,2025-06-12,Pendiente,122529
2008,26,35,110,2025-08-23,Cancelada,124246
2009,35,35,110,2025-02-25,Pagada,115668
2010,9,35,111,2025-09-23,Pagada,128186
2011,25,35,111,2025-03-21,Pendiente,123657
2012,10,35,111,2024-10-27,Pendiente,114099
2013,9,35,111,2025-02-13,Confirmada,112336
2014,42,35,111,2025-04-01,Confirmada,114704
2015,47,35,111,2025-03-22,Cancelada,124296
2016,9,35,111,2025-08-21,Confirmada,114482
2017,42,35,111,2024-11-24,Cancelada,124929
2018,58,35,111,2025-07-31,,123935
2019,40,35,111,2025-10-07,Pagada,124875
2020,33,35,111,2025-05-28,Cancelada,128075
2021,53,35,111,2025-10-09,Cancelada,122592
2022,23,35,111,2025-01-25,Pagada,116074
2023,28,35,111,2025-06-02,,110229
2024,37,35,111,2025-05-13,Cancelada,117743
2025,46,35,111,2024-12-27,,118808
2026,27,35,111,2025-07-16,,128871
2027,24,35,111,2025-03-19,Confirmada,111226
2028,37,35,111,2024-12-27,Cancelada,122063
2029,8,35,111,2024-12-15,,125764
2030,6,35,112,2025-02-04,Pagada,127235
2031,55,35,112,2025-02-16,Pendiente,125221
2032,34,35,112,2025-02-04,Confirmada,127135
2033,57,35,112,2025-05-02,,112884
2034,16,35,112,2024-12-18,Cancelada,112544
2035,44,35,112,2024-11-16,,128979
2036,20,35,112,2024-12-26,,111715
2037,58,35,112,2025-04-09,Pendiente,127517
2038,50,35,112,2025-02-07,Confirmada,125349
2039,30,35,112,2025-04-04,,125361
2040,37,35,112,2025-02-16,Pendiente,123781
2041,23,35,112,2025-04-29,Pendiente,119462
2042,11,35,112,2025-08-22,Confirmada,129569
2043,48,35,112,2024-11-21,Pendiente,128457
2044,17,35,112,2025-03-12,Confirmada,125490
2045,38,35,112,2025-01-28,Pagada,128757
2046,4,35,112,2025-01-26,Pendiente,110880
2047,19,35,112,2025-07-29,Cancelada,112689
2048,9,35,112,2025-06-22,,112504
2049,55,35,112,2025-05-03,Pendiente,118245
2050,9,35,112,2025-06-10,,119192
2051,18,35,112,2025-06-19,Pendiente,110451
2052,48,35,112,2025-01-06,Confirmada,129772
2053,12,35,112,2025-04-18,,114938
2054,43,35,112,2024-12-03,Cancelada,122102
2055,52,35,112,2024-12-14,Pagada,118546
2056,51,35,112,2025-02-18,Pagada,125875
2057,52,36,113,2024-10-25,,85946
2058,22,36,113,2025-03-25,Confirmada,89615
2059,39,36,113,2025-03-01,Pagada,101113
2060,49,36,113,2025-09-14,Cancelada,97417
2061,16,36,113,2025-06-20,Cancelada,90343
2062,14,36,113,2025-03-19,,96169
2063,4,36,113,2025-08-31,Pendiente,88662
2064,4,36,113,2025-09-22,Pagada,100066
2065,26,36,113,2025-02-27,Cancelada,94737
2066,31,36,113,2025-04-11,,92518
2067,44,36,114,2025-03-01,Cancelada,100413
2068,17,36,114,2025-04-08,Pagada,102243
2069,56,36,114,2025-09-04,Cancelada,85250
2070,19,36,114,2025-09-07,Cancelada,97379
2071,44,36,114,2025-09-21,Pendiente,102237
2072,44,36,114,2025-07-02,Confirmada,88052
2073,59,36,114,2025-06-10,,96456
2074,55,36,114,2024-12-14,Cancelada,93794
2075,22,36,114,2025-02-16,Pendiente,93613
2076,52,36,114,2025-02-24,Confirmada,93229
2077,42,36,114,2025-06-14,,97679
2078,30,36,114,2025-07-20,Pagada,104153
2079,50,36,114,2025-01-09,Pagada,101899
2080,22,36,114,2025-04-27,Pagada,95127
2081,36,36,114,2025-02-22,Confirmada,85139
2082,54,36,114,2024-12-30,Confirmada,85253
2083,27,36,114,2025-03-26,Confirmada,102073
2084,44,36,115,2025-02-23,Cancelada,96380
2085,15,36,115,2025-02-13,Pendiente,93116
2086,13,36,115,2025-08-04,Confirmada,85638
2087,40,36,115,2025-07-19,Confirmada,86725
2088,39,36,115,2025-06-25,Pagada,104502
2089,41,36,115,2025-05-01,Confirmada,88793
2090,6,36,115,2025-06-03,,89118
2091,25,36,115,2025-08-22,,90916
2092,45,36,116,2025-01-25,Pagada,93163
2093,19,36,116,2025-02-26,Cancelada,87343
2094,41,36,116,2025-03-18,Cancelada,93918
2095,50,36,116,2025-02-08,Cancelada,95459
2096,17,36,116,2025-09-05,Pagada,87286
2097,18,36,116,2025-08-24,Confirmada,97405
2098,25,36,116,2025-03-24,Pendiente,86830
2099,17,36,116,2025-03-13,Pendiente,90692
2100,5,37,117,2024-12-06,Cancelada,110750
2101,40,37,117,2025-10-19,Cancelada,110022
2102,42,37,117,2025-05-29,Cancelada,107728
2103,10,37,117,2025-01-08,,118306
2104,14,37,117,2025-06-09,,107656
2105,59,37,117,2025-05-22,Cancelada,112661
2106,7,37,117,2024-12-31,Confirmada,106564
2107,5,37,117,2025-07-14,,112386
2108,50,37,117,2025-08-17,Cancelada,104789
2109,58,37,117,2025-05-24,Cancelada,109052
2110,42,37,117,2024-11-02,Confirmada,105414
2111,43,37,117,2025-08-01,Cancelada,112905
2112,10,37,117,2025-04-20,Pendiente,116998
2113,37,37,117,2025-07-25,Confirmada,121063
2114,46,37,117,2025-01-12,Cancelada,119842
2115,28,37,117,2025-04-11,Cancelada,106472
2116,35,37,117,2025-08-28,Pagada,104283
2117,25,37,117,2025-02-13,Cancelada,108146
2118,37,37,117,2025-09-10,,115936
